sample_name	summary_type	Prochlorococcus	Synechococcus	other_genus	unclassified	depth	filter size (um)	cell_state	binned_depth
ERR1726590	percent	0.0507586773261279	0.0507143739162319	1.6910611557298931	98.20746579302777	70.0	20.0	Particle-bound	75
SRR23969194	percent	3.272430187669597	0.1368304633355288	24.51038609381887	72.080353255176	125.0	0.2	Free-living	150
SRR23969195	percent	17.70988882096164	0.1324721922869041	31.52237193998273	50.63526704676873	45.0	0.2	Free-living	45
SRR23969196	percent	14.12373569567322	0.1385426784582399	27.956490812245065	57.78123081362347	75.0	0.2	Free-living	75
SRR23969197	percent	6.079770190751157	0.1047394743831294	19.04788183612924	74.76760849873646	100.0	0.2	Free-living	150
SRR23969198	percent	12.486261461771395	0.0994942780124162	34.34231601461471	53.07192824560148	5.0	0.2	Free-living	5
SRR23969200	percent	12.811234416015283	0.1045805196945823	30.38313654214104	56.7010485221491	5.0	0.2	Free-living	5
SRR23969201	percent	23.239445158538103	0.2922418500451107	25.38446923428998	51.0838437571268	75.0	0.2	Free-living	75
SRR23969202	percent	17.308185998262886	0.2009040933523384	28.016414065547057	54.47449584283771	25.0	0.2	Free-living	45
SRR23969193	percent	4.88347251327131	0.0404026221588324	30.59664070822072	64.47948415634914	125.0	0.2	Free-living	150
SRR23969203	percent	3.910554335924004	0.1873459074120516	20.77677695238166	75.12532280428229	125.0	0.2	Free-living	150
SRR23969205	percent	12.696011204215743	0.1522835092709237	23.606543051497336	63.545162235016	75.0	0.2	Free-living	75
SRR23969206	percent	16.826444144688917	0.1169799492110076	31.287583722328115	51.76899218377197	75.0	0.2	Free-living	75
SRR23969207	percent	15.241901456183932	0.1234881635745224	27.560821080776428	57.07378929946512	25.0	0.2	Free-living	45
SRR23969208	percent	17.2516618487864	0.1098418790657724	37.391413223187584	45.24708304896024	5.0	0.2	Free-living	5
SRR23969209	percent	8.644345432416111	0.1279479234509396	24.40270393769134	66.82500270644161	125.0	0.2	Free-living	150
SRR23969210	percent	17.36383647384787	0.5521584109757659	28.298293841050643	53.78571127412573	5.0	0.2	Free-living	5
SRR23969211	percent	6.298137409306638	0.1812796502566361	28.059911952400967	65.46067098803576	125.0	0.2	Free-living	150
SRR23969212	percent	13.16254831908269	0.0478390348061619	25.09753068468624	61.6920819614249	5.0	0.2	Free-living	5
SRR23969213	percent	19.28622613187749	0.1970388051884944	27.33461986855	53.18211519438402	100.0	0.2	Free-living	150
SRR23969204	percent	17.57174335421983	0.1908492153210098	31.8622851824565	50.375122248002654	5.0	0.2	Free-living	5
SRR23969214	percent	12.074527917573969	0.1601066296815735	28.726720349839912	59.03864510290455	5.0	0.2	Free-living	5
SRR23969192	percent	14.392632976054514	0.1023065031753692	30.84458192165989	54.66047859911023	100.0	0.2	Free-living	150
SRR23969190	percent	9.624047545871468	0.1577132319777119	22.874058522294117	67.34418069985671	45.0	0.2	Free-living	45
SRR23969170	percent	0.1619856990167046	0.0094087382523385	23.852331920163092	75.97627364256786	200.0	0.2	Free-living	300
SRR23969171	percent	11.790092252559406	0.091548890168988	26.697075552340177	61.42128330493143	45.0	0.2	Free-living	45
SRR23969172	percent	7.866470940019564	0.0847186266171141	25.843204331112517	66.20560610225081	100.0	0.2	Free-living	150
SRR23969173	percent	16.371126223110437	0.1521348052076311	25.10853781570632	58.368201155975605	100.0	0.2	Free-living	150
SRR23969174	percent	7.271288391828601	0.1805781988492683	26.09680143204905	66.45133197727309	100.0	0.2	Free-living	150
SRR23969175	percent	0.1348780897817519	0.0109353270494823	17.7673186544114	82.08686792875737	200.0	0.2	Free-living	300
SRR23969176	percent	20.061819621766183	0.2808078882170143	24.59390909470375	55.06346339531305	45.0	0.2	Free-living	45
SRR23969177	percent	7.407938597410634	0.0985676513522553	29.93632929029807	62.55716446093904	100.0	0.2	Free-living	150
SRR23969178	percent	17.18599499507515	0.5821247297550479	27.88433768705304	54.34754258811676	45.0	0.2	Free-living	45
SRR23969191	percent	11.215719546614787	0.2194715810285785	22.60914698192509	65.95566189043154	75.0	0.2	Free-living	75
SRR23969179	percent	19.287981481736622	0.1481400881213458	27.708737326284893	52.855141103857136	125.0	0.2	Free-living	150
SRR23969181	percent	14.990182117564938	0.1071423244451292	28.718651640048293	56.18402391794164	25.0	0.2	Free-living	45
SRR23969182	percent	14.446589459335424	0.0825120423114503	29.45832426326447	56.01257423508866	45.0	0.2	Free-living	45
SRR23969183	percent	16.497777413075745	0.1245013825461721	30.844186785579147	52.533534418798936	75.0	0.2	Free-living	75
SRR23969184	percent	13.34883796721386	0.3688967267297904	30.09208147306066	56.190183832995686	100.0	0.2	Free-living	150
SRR23969185	percent	8.59530530363261	0.2409518178791314	26.35585665582376	64.80788622266451	25.0	0.2	Free-living	45
SRR23969186	percent	10.02374094903442	0.1960245643077141	24.90305249279965	64.87718199385822	75.0	0.2	Free-living	75
SRR23969188	percent	0.6935735564713559	0.0403777795547684	26.80437152714797	72.4616771368259	150.0	0.2	Free-living	150
SRR23969189	percent	13.916755520908614	0.0793451469297364	25.61354990458805	60.3903494275736	125.0	0.2	Free-living	150
SRR23969180	percent	16.41159114959121	0.1569653842162891	32.347525833599825	51.08391763259268	25.0	0.2	Free-living	45
SRR23969169	percent	16.911442752831192	0.0780099207957854	32.36295518143116	50.64759214494187	25.0	0.2	Free-living	45
SRR23969215	percent	0.2908113189125388	0.0198037883342642	25.98966566382812	73.69971922892508	150.0	0.2	Free-living	150
SRR23969217	percent	16.56951010226847	0.1178552767736533	29.524908217007123	53.78772640395076	45.0	0.2	Free-living	45
SRR9178089	percent	14.852077684175798	0.087381675169945	26.77778444985284	58.28275619080141	45.0	0.2	Free-living	45
SRR9178090	percent	3.2357229725153545	0.114066409367218	33.23653828032749	63.41367233778994	175.0	0.2	Free-living	300
SRR9178091	percent	0.1452018408210774	0.0087001979672213	32.72502144246768	67.12107651874403	250.0	0.2	Free-living	300
SRR9178092	percent	13.303737495892298	0.1022875516644704	25.88547827530096	60.70849667714226	5.0	0.2	Free-living	5
SRR9178093	percent	15.555813937769289	0.1094649979302492	24.57187087513487	59.7628501891656	5.0	0.2	Free-living	5
SRR9178094	percent	13.72769667060139	0.1182266952115029	26.25349931261601	59.90057732157109	25.0	0.2	Free-living	45
SRR9178096	percent	2.3685467128714226	0.0714747728250251	32.64269161147353	64.91728690283001	125.0	0.2	Free-living	150
SRR9178097	percent	13.62270706829269	0.174792514351584	31.03845009409621	55.16405032325952	25.0	0.2	Free-living	45
SRR9178088	percent	1.8486900153346195	0.0629202556661671	25.83185139124448	72.25653833775473	175.0	0.2	Free-living	300
SRR9178098	percent	0.50384766336034	0.0247931548090833	30.17009900238592	69.30126017944465	175.0	0.2	Free-living	300
SRR9178101	percent	0.233272534253463	0.0113047732796563	29.49433405780526	70.26108863466162	175.0	0.2	Free-living	300
SRR9178102	percent	8.660863396738803	0.0796896213456905	26.503107661707304	64.7563393202082	125.0	0.2	Free-living	150
SRR9178103	percent	21.62427757636243	0.0731253277841641	30.560569839013585	47.74202725683983	45.0	0.2	Free-living	45
SRR9178104	percent	20.34612656668604	0.11279697335887	27.678239133985084	51.86283732597001	25.0	0.2	Free-living	45
SRR9178105	percent	13.778250248767662	0.1112095958153111	25.409047499968462	60.70149265544856	25.0	0.2	Free-living	45
SRR9178106	percent	18.13907470428044	0.1345601350551335	27.67970850091093	54.04665665975349	25.0	0.2	Free-living	45
SRR9178107	percent	0.1978324890912653	0.0118505714382341	31.170050610371884	68.62026632909861	200.0	0.2	Free-living	300
SRR9178108	percent	2.8751828554739247	0.0599057324090012	22.68653707341656	74.37837433870051	125.0	0.2	Free-living	150
SRR9178109	percent	17.39332286746761	0.1213136294226344	27.99669798670868	54.48866551640108	75.0	0.2	Free-living	75
SRR9178100	percent	14.837842573367174	0.1336905409018276	35.88678944023566	49.14167744549534	5.0	0.2	Free-living	5
SRR23969216	percent	14.290194425946336	0.1044062156701225	21.13061576826559	64.47478359011795	100.0	0.2	Free-living	150
SRR9178087	percent	4.347260516614431	0.1217726517453411	27.779621544797468	67.75134528684276	125.0	0.2	Free-living	150
SRR9178085	percent	18.67583589185276	0.1436400995632521	29.89941153581964	51.28111247276436	75.0	0.2	Free-living	75
SRR23969218	percent	15.144422314284316	0.109678867924261	28.881833326368472	55.86406549142296	75.0	0.2	Free-living	75
SRR23969219	percent	18.064394557829605	0.2297459650913224	26.225502212672662	55.48035726440641	45.0	0.2	Free-living	45
SRR23969220	percent	18.47587684363841	0.095091085476238	25.817523682346955	55.6115083885384	100.0	0.2	Free-living	150
SRR23969221	percent	13.91163512034937	0.1066136514502677	26.791089024933427	59.19066220326694	100.0	0.2	Free-living	150
SRR23969222	percent	14.592315206773035	0.1742033522056841	29.839697062005648	55.39378437901563	75.0	0.2	Free-living	75
SRR23969223	percent	10.300763927988536	0.2262157727944597	29.2590397533878	60.213980545829216	5.0	0.2	Free-living	5
SRR23969224	percent	15.183944412259208	0.1020667935019837	31.56521908625412	53.14876970798469	5.0	0.2	Free-living	5
SRR23969225	percent	15.25351252688694	0.1638783444011716	33.002726311735884	51.57988281697601	5.0	0.2	Free-living	5
SRR23969226	percent	16.649296957544856	0.1538777176413028	27.07400918381031	56.122816141003526	125.0	0.2	Free-living	150
SRR9178086	percent	0.7112364750243413	0.044809644051327	29.668124524290327	69.575829356634	150.0	0.2	Free-living	150
SRR23969227	percent	15.76950781122998	0.0996875969296516	31.857444265205743	52.273360326634624	25.0	0.2	Free-living	45
SRR23969229	percent	17.886457392977167	0.4732437183995726	28.994215009575385	52.64608387904788	75.0	0.2	Free-living	75
SRR23969230	percent	14.485052073108609	0.0918226999828995	29.847869653785622	55.57525557312286	5.0	0.2	Free-living	5
SRR9178079	percent	0.0833170359092471	0.0072812954080097	29.471436003568684	70.43796566511405	250.0	0.2	Free-living	300
SRR9178081	percent	0.1602415970575048	0.0067084123987328	20.18469145662297	79.64835853392078	225.0	0.2	Free-living	300
SRR9178082	percent	19.5075802556259	0.0988465365460589	27.51537302467138	52.878200183156665	100.0	0.2	Free-living	150
SRR9178083	percent	9.15731801000108	0.2305343756926688	28.980512907891843	61.63163470641441	125.0	0.2	Free-living	150
SRR23969228	percent	14.642582134088933	0.185686921662042	28.5730955005078	56.59863544374123	75.0	0.2	Free-living	75
SRR23969168	percent	16.113030146077307	0.1110141984868041	28.5049320426252	55.27102361281069	45.0	0.2	Free-living	45
SRR9178536	percent	4.506083518751897	0.1130424735742961	28.172023928038943	67.20885007963486	125.0	0.2	Free-living	150
SRR23969166	percent	16.475327957262394	0.1083754789468086	33.43330710235673	49.98298946143407	25.0	0.2	Free-living	45
SRR17827620	percent	0.0800090659010802	0.0085584932266872	28.413117665191667	71.49831477568057	770.0	0.2	Free-living	1000
SRR17827624	percent	0.7645211758322413	0.0388089788212347	32.393723517167324	66.8029463281792	175.0	0.2	Free-living	300
SRR17827625	percent	6.19961918522484	0.0971373289998307	30.34589899256593	63.3573444932094	150.0	0.2	Free-living	150
SRR17827628	percent	1.0093660504735469	0.0487587136697199	31.7927443480091	67.14913088784763	200.0	0.2	Free-living	300
SRR17827629	percent	0.1085941468508246	0.0101656594397356	32.607506295724214	67.27373389798522	770.0	0.2	Free-living	1000
SRR17827632	percent	2.125995914913446	0.0889310267881334	31.57003447029944	66.21503858799899	150.0	0.2	Free-living	150
SRR17827633	percent	0.1602404310604825	0.010896164282908	27.260378442288463	72.56848496236815	225.0	0.2	Free-living	300
SRR17827638	percent	0.5844273495456644	0.0262379705668531	33.21023054162519	66.1791041382623	200.0	0.2	Free-living	300
SRR17827641	percent	0.2361926407849656	0.0143837977366201	33.81889056386771	65.9305329976107	250.0	0.2	Free-living	300
SRR17827645	percent	0.3114622699289958	0.0180671474995342	26.216094489152635	73.45437609341883	200.0	0.2	Free-living	300
SRR17827646	percent	0.1368554064792465	0.0102094516305608	32.503986126289696	67.3489490156005	250.0	0.2	Free-living	300
SRR17827647	percent	2.70324025367443	0.1236742866143695	30.07214614160653	67.10093931810466	150.0	0.2	Free-living	150
SRR17827616	percent	5.0422808869326445	0.0911761473725626	32.05806522511825	62.80847774057654	150.0	0.2	Free-living	150
SRR17827598	percent	0.8944139450058463	0.0441722713396184	31.60860839388545	67.45280538976908	200.0	0.2	Free-living	300
SRR17827600	percent	2.975391586370036	0.1118065103194277	32.235027377530855	64.67777452577968	150.0	0.2	Free-living	150
SRR17827617	percent	0.1262006202851177	0.0113727021200753	33.87440075074383	65.98802592685098	1000.0	0.2	Free-living	1000
SRR17827601	percent	0.1026037012588305	0.0100142532385109	33.86744822757113	66.01993381793153	770.0	0.2	Free-living	1000
SRR17827606	percent	0.1139778905445046	0.0113534546813315	30.25041017728304	69.62425847749113	770.0	0.2	Free-living	1000
SRR17827608	percent	1.024600553587325	0.0550458133540455	28.880126316108672	70.04022731694995	150.0	0.2	Free-living	150
SRR17827610	percent	1.171136119266223	0.0262307167693356	30.671450195561142	68.1311829684033	200.0	0.2	Free-living	300
SRR17827611	percent	1.3102314937554016	0.0697279188277185	20.43257725630721	78.18746333110967	150.0	0.2	Free-living	150
SRR17827613	percent	0.1829414857418774	0.0116468581637365	33.50045154696263	66.30496010913176	200.0	0.2	Free-living	300
SRR17827603	percent	2.42980516929334	0.0952737662190615	31.2107834128138	66.2641376516738	150.0	0.2	Free-living	150
SRR23969146	percent	11.504806560895084	0.2013485157700145	31.901651460772275	56.39219346256262	45.0	0.2	Free-living	45
SRR23969147	percent	10.007006876491346	0.184615637874247	22.908875748942936	66.89950173669146	25.0	0.2	Free-living	45
SRR23969148	percent	17.067872285308216	0.1446008656391053	31.88069599312814	50.90683085592455	45.0	0.2	Free-living	45
SRR23969149	percent	17.99498519014232	0.123047816482404	34.311006623087216	47.57096037028806	45.0	0.2	Free-living	45
SRR23969150	percent	12.84425576758417	0.0810844794654244	28.739741693660896	58.33491805928951	25.0	0.2	Free-living	45
SRR23969151	percent	5.177906159398027	0.1163975925613615	32.911065223179634	61.794631024860976	125.0	0.2	Free-living	150
SRR23969152	percent	20.106683537596187	0.097033361657102	26.990916937358534	52.805366163388165	100.0	0.2	Free-living	150
SRR23969153	percent	13.294034862932811	0.1162208610438219	28.19666234584095	58.39308193018241	100.0	0.2	Free-living	150
SRR23969154	percent	0.0925020575179364	0.0070220462529395	22.724143132550225	77.1763327636789	1000.0	0.2	Free-living	1000
SRR23969145	percent	21.966396959097104	0.2150879480786106	27.885712308799203	49.932802784025085	100.0	0.2	Free-living	150
SRR23969155	percent	16.873437509393643	0.1375089602251986	30.02068314280869	52.96837038757247	45.0	0.2	Free-living	45
SRR23969157	percent	3.1977004205208144	0.1668417525318411	26.675192013201137	69.9602658137462	125.0	0.2	Free-living	150
SRR23969158	percent	16.239940534861027	0.126571803661452	32.16338330398099	51.47010435749653	75.0	0.2	Free-living	75
SRR23969159	percent	13.884956336836806	0.1041085009948412	35.92869965085843	50.082235511309925	25.0	0.2	Free-living	45
SRR23969160	percent	4.354037649953577	0.2123105452861949	28.720621432943616	66.7130303718166	125.0	0.2	Free-living	150
SRR23969161	percent	15.521150956801815	0.0878637213040816	32.6218786899294	51.76910663196471	45.0	0.2	Free-living	45
SRR23969162	percent	6.535594772100634	0.1564740020148802	23.69948421917997	69.60844700670451	125.0	0.2	Free-living	150
SRR23969163	percent	11.343706003632716	0.1143148752570979	28.39647063584697	60.14550848526321	25.0	0.2	Free-living	45
SRR23969164	percent	5.445589490912908	0.1443221863863335	26.23421542569537	68.17587289700539	125.0	0.2	Free-living	150
SRR23969156	percent	14.935952835471053	0.1761962924964233	29.51621711841223	55.37163375362029	5.0	0.2	Free-living	5
SRR23969144	percent	19.216164831877094	0.2581951101648103	24.817951392767963	55.707688665190126	75.0	0.2	Free-living	75
SRR23969143	percent	19.944517771545144	0.2638787407887333	28.125530780809065	51.66607270685706	25.0	0.2	Free-living	45
SRR23969142	percent	16.756246290982453	0.1390730490925108	32.49890370344184	50.6057769564832	75.0	0.2	Free-living	75
SRR17827654	percent	0.0867762268398701	0.0083252226678264	26.972877383983075	72.93202116650923	1000.0	0.2	Free-living	1000
SRR17827657	percent	1.0501955830560974	0.061064220795333	30.44787255356856	68.44086764258	200.0	0.2	Free-living	300
SRR17827661	percent	0.1767461867572873	0.0111672080705211	31.14092809891173	68.67115850626047	225.0	0.2	Free-living	300
SRR17827663	percent	0.1378519797845694	0.0107070061674558	35.30623979624341	64.54520121780456	770.0	0.2	Free-living	1000
SRR17827664	percent	0.1246785952523503	0.0110925323173222	36.026453074711874	63.83777579771846	500.0	0.2	Free-living	1000
SRR17827666	percent	0.4306789532604804	0.0232800715382234	30.09242913680851	69.45361183839279	200.0	0.2	Free-living	300
SRR17827667	percent	0.3144807559849331	0.0175961835897146	31.011097083213112	68.65682597721224	225.0	0.2	Free-living	300
SRR17827668	percent	2.603336814438072	0.1426821309060025	31.14632027026865	66.10766078438728	150.0	0.2	Free-living	150
SRR17827671	percent	0.2249032343423399	0.0145838912644582	31.690348501567613	68.07016437282559	200.0	0.2	Free-living	300
SRR17827672	percent	0.1070615003226135	0.0082969402655618	34.88227119910348	65.00237036030835	500.0	0.2	Free-living	1000
SRR23969138	percent	0.112509089511824	0.0111140932407799	26.202840061270148	73.67353675597724	770.0	0.2	Free-living	1000
SRR23969139	percent	16.501302369540884	0.1202640788826614	29.688006147189935	53.69042740438652	5.0	0.2	Free-living	5
SRR23969140	percent	4.815720339732756	0.2182060820839528	30.63127161255106	64.33480196563224	125.0	0.2	Free-living	150
SRR23969141	percent	16.400537278175857	0.6144722655812149	30.002341251206577	52.982649205036346	25.0	0.2	Free-living	45
SRR9178110	percent	0.2130335110655944	0.0122818975223613	31.55905604329103	68.21562854812102	225.0	0.2	Free-living	300
SRR9178111	percent	0.3878067583290294	0.0200907201452753	34.53874090598912	65.05336161553659	225.0	0.2	Free-living	300
SRR9178112	percent	13.881553110305775	0.156197685143265	27.480661928366416	58.48158727618454	100.0	0.2	Free-living	150
SRR9178113	percent	1.5399325120628593	0.0687392062923726	30.88897434414657	67.5023539374982	150.0	0.2	Free-living	150
SRR9178375	percent	13.80639274722068	0.1123079879369618	35.6469755383681	50.43432372647425	5.0	0.2	Free-living	5
SRR9178402	percent	18.06362871792936	0.0799989479884505	28.474034436113087	53.3823378979691	125.0	0.2	Free-living	150
SRR9178403	percent	1.1181356904379194	0.0462084939245044	33.012363314156865	65.82329250148071	175.0	0.2	Free-living	300
SRR9178404	percent	15.2334569526237	0.0867201578153051	28.18737598997193	56.49244689958907	25.0	0.2	Free-living	45
SRR9178405	percent	18.3548569798471	0.120800670322075	30.562821706000943	50.961520643829886	25.0	0.2	Free-living	45
SRR9178406	percent	5.700926229521115	0.0797661788099753	31.81467334459897	62.404634247069936	150.0	0.2	Free-living	150
SRR9178407	percent	15.780523349848266	0.1229263553353564	31.359879094442043	52.73667120037433	5.0	0.2	Free-living	5
SRR9178408	percent	0.2187959343170206	0.0135876073982802	29.775387546047448	69.99222891223725	175.0	0.2	Free-living	300
SRR9178409	percent	0.4110052973562025	0.0137313133434913	33.85579073478465	65.71947265451567	200.0	0.2	Free-living	300
SRR9178374	percent	0.528908916629571	0.0255188848093511	31.002672887989903	68.44289931057118	200.0	0.2	Free-living	300
SRR9178410	percent	19.706433608617253	0.2080890635048603	23.815937355947938	56.26953997192995	100.0	0.2	Free-living	150
SRR9178436	percent	17.30331573563857	0.2057572701952307	33.174956308085235	49.315970686080966	25.0	0.2	Free-living	45
SRR9178437	percent	12.058765988662454	0.1007562684185476	27.79796842570456	60.042509317214446	125.0	0.2	Free-living	150
SRR9178438	percent	15.561700895339714	0.1074543608735752	24.37262732187043	59.95821742191628	5.0	0.2	Free-living	5
SRR9178439	percent	0.2286647145529273	0.0149400339228569	31.85862295867891	67.8977722928453	200.0	0.2	Free-living	300
SRR9178441	percent	6.119175400371677	0.0744150138134683	32.571644822710816	61.234764763104046	150.0	0.2	Free-living	150
SRR9178442	percent	4.56911331689357	0.0715086414566516	26.467651064522563	68.8917269771272	125.0	0.2	Free-living	150
SRR9178443	percent	13.97962826513542	0.1024229857579945	31.6464978261582	54.27145092294838	25.0	0.2	Free-living	45
SRR9178411	percent	12.75695887457211	0.1588772124573498	26.089895921908116	60.99426799106242	45.0	0.2	Free-living	45
SRR9178373	percent	0.3249647202446895	0.0200293241276339	29.207460243494943	70.44754571213274	175.0	0.2	Free-living	300
SRR9178371	percent	2.372633271863761	0.0944562489554633	30.652967702456078	66.8799427767247	150.0	0.2	Free-living	150
SRR9178335	percent	18.219915487177985	0.1606379277483449	26.9863374318426	54.63310915323108	5.0	0.2	Free-living	5
SRR9178337	percent	18.06969460634925	0.1264370782944704	29.22374849927473	52.58011981608155	5.0	0.2	Free-living	5
SRR9178338	percent	15.23057647073485	0.1174619476525984	29.717588360086268	54.934373221526286	5.0	0.2	Free-living	5
SRR9178339	percent	1.5051069722757204	0.0853147141813909	28.12383466753648	70.28574364600641	150.0	0.2	Free-living	150
SRR9178353	percent	19.38869464580627	0.0995243112612012	30.27729358511178	50.23448745782076	5.0	0.2	Free-living	5
SRR9178354	percent	0.2975893751026287	0.0147169907521825	32.285367391713635	67.40232624243156	200.0	0.2	Free-living	300
SRR9178355	percent	0.1480476752773962	0.0106946658372664	29.774884945817963	70.06637271306737	250.0	0.2	Free-living	300
SRR9178356	percent	6.333689377896596	0.0582625898759682	28.659956295472394	64.94809173675505	100.0	0.2	Free-living	150
SRR9178372	percent	0.3107092086580243	0.0152400670331737	29.844332661363172	69.82971806294562	250.0	0.2	Free-living	300
SRR9178357	percent	14.710148618706135	0.0973032888892728	25.22613170012854	59.966416392276045	75.0	0.2	Free-living	75
SRR9178359	percent	14.831543976094869	0.0996621842564308	25.1727723602274	59.8960214794213	75.0	0.2	Free-living	75
SRR9178360	percent	1.354546304183507	0.0481679419034971	37.03434957227195	61.56293618164105	150.0	0.2	Free-living	150
SRR9178361	percent	4.966749608308737	0.2216947403405048	28.27833317281413	66.53322247853663	150.0	0.2	Free-living	150
SRR9178362	percent	12.424844234696373	0.1196718024159043	27.563214775497435	59.89226918739029	75.0	0.2	Free-living	75
SRR9178366	percent	14.651975844898825	0.0688632270367623	22.34346858777413	62.93569234029028	5.0	0.2	Free-living	5
SRR9178367	percent	14.045462195042925	0.1016275618907305	30.394501746390507	55.45840849667584	45.0	0.2	Free-living	45
SRR9178368	percent	18.573152829221417	0.1484369032102106	27.073157910899283	54.205252356669085	5.0	0.2	Free-living	5
SRR9178369	percent	0.4830386849181658	0.0261431520938363	30.172411063543787	69.31840709944422	175.0	0.2	Free-living	300
SRR9178370	percent	4.575056265851947	0.0603492601013744	31.67548150025213	63.68911297379455	150.0	0.2	Free-living	150
SRR9178358	percent	18.763332688876687	0.1590812545107747	25.518503609913207	55.55908244669933	75.0	0.2	Free-living	75
SRR9178457	percent	0.1407595801969645	0.0094249932956725	31.40149968575222	68.44831574075513	250.0	0.2	Free-living	300
SRR9178458	percent	1.0833816087013517	0.0495960714323135	29.32880891211732	69.53821340774901	200.0	0.2	Free-living	300
SRR9178494	percent	17.358327012677428	0.0897874011305089	33.359631323357505	49.19225426283455	5.0	0.2	Free-living	5
SRR9178495	percent	0.5810756757259581	0.0292392000376112	31.13021701620877	68.25946810802765	175.0	0.2	Free-living	300
SRR9178498	percent	2.4649744164769936	0.1007496192621045	30.175182530207454	67.25909343405345	200.0	0.2	Free-living	300
SRR9178499	percent	0.1289769594278304	0.006816711110796	32.9133232031586	66.95088312630278	500.0	0.2	Free-living	1000
SRR9178500	percent	6.21364818311444	0.1172113246420085	24.405350138904573	69.26379035333898	150.0	0.2	Free-living	150
SRR9178501	percent	0.112610371668981	0.0082622073193758	29.763298384305337	70.11582903670632	250.0	0.2	Free-living	300
SRR9178502	percent	17.23365034393535	0.1108383189365132	26.796194492599767	55.85931684452837	45.0	0.2	Free-living	45
SRR9178503	percent	8.053410629598593	0.095582955220928	31.961321918765584	59.889684496414894	125.0	0.2	Free-living	150
SRR9178504	percent	4.792765103229463	0.2253350978909069	24.028994458206125	70.9529053406735	125.0	0.2	Free-living	150
SRR9178493	percent	11.193663488718396	0.1137028753406895	26.968370934722508	61.7242627012184	125.0	0.2	Free-living	150
SRR9178507	percent	0.1203455176234591	0.009532639475283	33.9855436776099	65.88457816529136	250.0	0.2	Free-living	300
SRR9178528	percent	7.695085405911871	0.0576602812332793	23.716475072764883	68.53077924008997	100.0	0.2	Free-living	150
SRR9178529	percent	7.891227240290164	0.1015198785460109	31.89645317866824	60.11079970249558	125.0	0.2	Free-living	150
SRR9178530	percent	11.733187635625567	0.107709397897173	25.23136908489897	62.92773388157829	75.0	0.2	Free-living	75
SRR9178531	percent	15.581711375685533	0.080927333636676	26.19567582535456	58.14168546532324	75.0	0.2	Free-living	75
SRR9178532	percent	2.9917825951872463	0.0732369658596845	35.29844653922868	61.63653389972439	150.0	0.2	Free-living	150
SRR9178533	percent	5.978145898700993	0.1371769720892361	29.6535733275434	64.23110380166636	125.0	0.2	Free-living	150
SRR9178535	percent	0.2539129792392545	0.0150933975620023	28.273797203751737	71.457196419447	200.0	0.2	Free-living	300
SRR9178492	percent	0.3640313531108238	0.0199701141277308	28.171758676596895	71.44423985616454	175.0	0.2	Free-living	300
SRR9178491	percent	0.440558060410599	0.0217494694105833	35.14139882217533	64.39629364800349	200.0	0.2	Free-living	300
SRR9178490	percent	17.05814525722938	0.0888389708995644	28.75360718304926	54.0994085888218	45.0	0.2	Free-living	45
SRR9178459	percent	1.9758911696554649	0.0881242184885925	31.68571366804519	66.25027094381075	175.0	0.2	Free-living	300
SRR9178460	percent	0.1854365089078043	0.0095649117687387	29.597144135180287	70.20785444414317	225.0	0.2	Free-living	300
SRR9178461	percent	13.54520625307551	0.096595793289534	24.454010698279056	61.9041872553559	125.0	0.2	Free-living	150
SRR9178462	percent	15.045381193203394	0.0763718190201919	26.070348497348668	58.80789849042775	75.0	0.2	Free-living	75
SRR9178463	percent	0.0919624427924911	0.0104509995436026	31.566183932668245	68.33140262499566	500.0	0.2	Free-living	1000
SRR9178464	percent	1.1212450525188902	0.0526602677667785	27.610662605327867	71.21543207438647	150.0	0.2	Free-living	150
SRR9178465	percent	19.47648468966283	0.1200199795506027	28.46604839608676	51.93744693469981	100.0	0.2	Free-living	150
SRR9178476	percent	14.801044660035927	0.153647318945082	24.13765128510399	60.907656735915	75.0	0.2	Free-living	75
SRR9178477	percent	1.3419885977656905	0.046380516522283	36.86325949175799	61.74837139395404	150.0	0.2	Free-living	150
SRR9178478	percent	1.949531063662659	0.0619675491688078	26.603332516982803	71.38516887018574	175.0	0.2	Free-living	300
SRR9178479	percent	0.7043998068143971	0.0288897921986651	30.137006669211573	69.12970373177536	150.0	0.2	Free-living	150
SRR9178480	percent	0.15686511672301	0.0096493293242869	33.452984352743215	66.38050120120948	250.0	0.2	Free-living	300
SRR9178482	percent	16.46937404058187	0.1481582075563991	30.403223272652767	52.979244479208965	75.0	0.2	Free-living	75
SRR9178483	percent	22.868673010630967	0.1531298410135812	25.016377127520038	51.96182002083541	75.0	0.2	Free-living	75
SRR9178484	percent	6.511835176064026	0.1539218420107068	31.97790729515704	61.35633568676823	150.0	0.2	Free-living	150
SRR9178485	percent	7.778629493971728	0.0626050188963634	27.32894311212293	64.82982237500899	100.0	0.2	Free-living	150
SRR9178486	percent	0.2167126061385432	0.0130162587113741	32.882499100068834	66.88777203508126	200.0	0.2	Free-living	300
SRR9178487	percent	17.536592332565625	0.1549110009941239	28.623144978906467	53.685351687533775	45.0	0.2	Free-living	45
SRR9178488	percent	21.535141794666625	0.1670103507638573	24.96402508556248	53.33382276900704	100.0	0.2	Free-living	150
SRR9178489	percent	0.4495065417801935	0.0192759034679772	32.123145860172464	67.40807169457936	225.0	0.2	Free-living	300
SRR9178334	percent	14.595320250558386	0.1385893210220878	25.62118380993844	59.64490661848109	45.0	0.2	Free-living	45
SRR17827590	percent	0.0936588349184338	0.0103384018756659	30.249364433571863	69.64663832963403	1000.0	0.2	Free-living	1000
SRR9178333	percent	19.71025341994141	0.3134066783538179	29.57387890669881	50.40246099500596	45.0	0.2	Free-living	45
SRR9178331	percent	0.1825862080956995	0.011466273491105	32.370531128380215	67.43541639003297	225.0	0.2	Free-living	300
SRR9178160	percent	0.3259163294771021	0.0123218935231942	28.28621662585008	71.37554515114962	200.0	0.2	Free-living	300
SRR9178161	percent	0.6508902559601482	0.0319746120692397	32.5677502474543	66.74938488451632	225.0	0.2	Free-living	300
SRR9178188	percent	0.1156607276989035	0.0071753067076837	33.22648166891168	66.65068229668172	500.0	0.2	Free-living	1000
SRR9178189	percent	0.7655956093288195	0.0455428207663594	32.671260271980216	66.5176012979246	200.0	0.2	Free-living	300
SRR9178190	percent	2.4932163490152277	0.1032460917979594	30.046469668981075	67.35706789020574	200.0	0.2	Free-living	300
SRR9178191	percent	17.115212242290138	0.1122334998333323	31.483239774794196	51.289314483082336	75.0	0.2	Free-living	75
SRR9178192	percent	0.2156759892069735	0.0138464913798957	32.13168182161932	67.63879569779381	175.0	0.2	Free-living	300
SRR9178193	percent	14.716302140099188	0.1782916442622356	27.961405034418966	57.14400118121961	45.0	0.2	Free-living	45
SRR9178194	percent	13.785220199017695	0.1602644394983286	36.26660245534166	49.78791290614231	5.0	0.2	Free-living	5
SRR9178159	percent	16.638079467690943	0.2287421409704857	31.272315233453213	51.86086315788536	5.0	0.2	Free-living	5
SRR9178195	percent	0.2148863908862718	0.0141496082731637	31.93422880294045	67.83673519790013	175.0	0.2	Free-living	300
SRR9178197	percent	0.6486702746574377	0.0310467093274964	32.66889593687754	66.65138707913752	225.0	0.2	Free-living	300
SRR9178208	percent	0.2094726378540357	0.012786937295062	29.9113673006682	69.8663731241827	250.0	0.2	Free-living	300
SRR9178209	percent	20.825342639501933	0.1107356469147203	30.216815651485096	48.847106062098256	75.0	0.2	Free-living	75
SRR9178210	percent	7.495325623453877	0.0620412036884671	31.49942158698602	60.94321158587164	100.0	0.2	Free-living	150
SRR9178211	percent	20.112321478173545	0.2867123994120961	29.71322381271491	49.88774230969945	45.0	0.2	Free-living	45
SRR9178213	percent	18.412637227868316	0.1704004168881603	25.49167402069253	55.925288334551006	75.0	0.2	Free-living	75
SRR9178214	percent	0.1133288782021558	0.0093889629540037	23.548371527604296	76.32891063123954	250.0	0.2	Free-living	300
SRR9178215	percent	0.5142025746189364	0.0253290513038083	30.426576024828613	69.03389234924865	175.0	0.2	Free-living	300
SRR9178196	percent	10.19199436356246	0.0723428985770366	22.58307075168008	67.15259198618043	100.0	0.2	Free-living	150
SRR9178216	percent	16.13037118860744	0.1976881703996357	28.03275391786289	55.63918672313003	75.0	0.2	Free-living	75
SRR9178158	percent	8.530273319696285	0.0970325634777573	30.025716483537312	61.346977633288645	150.0	0.2	Free-living	150
SRR9178156	percent	16.391051332128832	0.1646411394027283	30.37056501033268	53.07374251813576	5.0	0.2	Free-living	5
SRR9178114	percent	0.1359025261494515	0.0087916536757475	30.208683123212808	69.64662269696198	250.0	0.2	Free-living	300
SRR9178115	percent	1.5193525942312498	0.0672719219174447	30.71833206080985	67.69504342304145	150.0	0.2	Free-living	150
SRR9178117	percent	15.580772136234128	0.2299740604699048	30.720848678006316	53.46840512528965	100.0	0.2	Free-living	150
SRR9178119	percent	3.400884177332532	0.1133363178693708	28.07242311614325	68.41335638865485	125.0	0.2	Free-living	150
SRR9178141	percent	8.522078435324861	0.052455280088182	25.369914873254235	66.05555141133273	100.0	0.2	Free-living	150
SRR9178142	percent	14.489613793526289	0.0943486990868929	24.830754164809026	60.5852833425778	25.0	0.2	Free-living	45
SRR9178143	percent	16.406840984852973	0.103338008847363	29.6887725547808	53.80104845151886	25.0	0.2	Free-living	45
SRR9178144	percent	0.1296046196735563	0.0082379902903125	32.90715392147442	66.95500346856171	225.0	0.2	Free-living	300
SRR9178157	percent	16.151478577846675	0.1400785436948353	29.85601152380777	53.85243135465072	45.0	0.2	Free-living	45
SRR9178145	percent	13.13173672495361	0.1191126923163385	30.662575643988284	56.08657493874176	25.0	0.2	Free-living	45
SRR9178147	percent	8.469870116317631	0.0513949022692422	25.196364170659876	66.28237081075325	100.0	0.2	Free-living	150
SRR9178148	percent	0.1663088357571698	0.0117703934595913	31.43937783008309	68.38254294070015	225.0	0.2	Free-living	300
SRR9178149	percent	19.49924058128197	0.0891476761636175	22.97978760444368	57.431824138110734	100.0	0.2	Free-living	150
SRR9178150	percent	0.2576099068117501	0.0130957174377539	29.88780508553036	69.84148929022014	225.0	0.2	Free-living	300
SRR9178151	percent	17.426520765327393	0.2033291098617024	30.72062164296693	51.64952848184397	25.0	0.2	Free-living	45
SRR9178152	percent	19.23409834486257	0.1954764644741169	26.655096033495628	53.91532915716768	100.0	0.2	Free-living	150
SRR9178153	percent	2.79428379878155	0.0585702234877647	22.21936943076373	74.92777654696695	125.0	0.2	Free-living	150
SRR9178154	percent	0.1435760429809732	0.0097403696536202	28.52234972396141	71.324333863404	200.0	0.2	Free-living	300
SRR9178155	percent	0.203999190144325	0.0117640172679653	33.227015787387934	66.55722100519978	200.0	0.2	Free-living	300
SRR9178146	percent	14.413935101925563	0.0929406335928927	24.90944003001768	60.58368423446387	25.0	0.2	Free-living	45
SRR9178217	percent	0.4369927154951459	0.023819066482749	29.50427156204969	70.03491665597241	175.0	0.2	Free-living	300
SRR9178218	percent	21.07423974854261	0.0988916030058755	29.008404295934263	49.81846435251725	100.0	0.2	Free-living	150
SRR9178219	percent	17.330520994653504	0.100003448099236	30.742884267305907	51.82659128994135	5.0	0.2	Free-living	5
SRR9178280	percent	0.1588663594595976	0.0092911453012154	30.334291380815927	69.49755111442326	250.0	0.2	Free-living	300
SRR9178281	percent	18.42798214308459	0.1186211521536148	30.433789058256288	51.01960764650551	25.0	0.2	Free-living	45
SRR9178282	percent	14.710793091169574	0.12001687339352	28.55505592900209	56.61413410643481	45.0	0.2	Free-living	45
SRR9178284	percent	0.3478287240244259	0.0116871313538029	33.28607447066555	66.35440967395623	225.0	0.2	Free-living	300
SRR9178285	percent	17.64482163729151	0.2114120059141691	29.522954704245457	52.62081165254886	5.0	0.2	Free-living	5
SRR9178286	percent	14.353318540325594	0.3024497911298447	24.35253390413001	60.99169776441455	45.0	0.2	Free-living	45
SRR9178287	percent	21.03190592263476	0.1114077613338433	25.81713514639393	53.03955116963747	100.0	0.2	Free-living	150
SRR9178289	percent	2.431229637824339	0.0974405577594005	29.48749565749107	67.98383414692519	150.0	0.2	Free-living	150
SRR9178279	percent	12.922949159523403	0.1665462555315879	31.34203300562432	55.5684715793207	5.0	0.2	Free-living	5
SRR9178290	percent	15.605828089880731	0.159242556722003	28.543326671828407	55.69160268156885	25.0	0.2	Free-living	45
SRR9178292	percent	18.559781925412004	0.1247797501781817	27.87865946466325	53.43677885974656	25.0	0.2	Free-living	45
SRR9178293	percent	0.4166281572099949	0.0203378945582944	33.49351020817408	66.06952374005763	200.0	0.2	Free-living	300
SRR9178314	percent	15.609343439518804	0.1367882913027006	30.350537599307653	53.90333066987084	45.0	0.2	Free-living	45
SRR9178315	percent	0.2139193730843907	0.0125593218037687	29.695227124228545	70.07829418088329	225.0	0.2	Free-living	300
SRR9178316	percent	13.592438305822396	0.1017097282955729	23.972260011212168	62.33359195466986	45.0	0.2	Free-living	45
SRR9178318	percent	15.160317576247326	0.0846078347233993	25.348460327493505	59.40661426153577	5.0	0.2	Free-living	5
SRR9178319	percent	14.679073415956193	0.1615636900342709	27.207733290097817	57.95162960391171	75.0	0.2	Free-living	75
SRR9178330	percent	17.057832983439482	0.1577973447866563	29.637142718168946	53.14722695360492	25.0	0.2	Free-living	45
SRR9178291	percent	0.1258925740290387	0.0078217179064605	26.620966831016872	73.24531887704762	225.0	0.2	Free-living	300
SRR9178278	percent	4.558488798740045	0.1577970712876318	29.679082384318846	65.60463174565348	175.0	0.2	Free-living	300
SRR9178276	percent	22.2920906385408	0.0903835291127587	31.007973366601817	46.60955246574462	75.0	0.2	Free-living	75
SRR9178220	percent	15.952416847285376	0.1154845789841007	32.69274339595676	51.239355177773774	45.0	0.2	Free-living	45
SRR9178221	percent	0.3134291670408939	0.016886187098953	31.76965139871728	67.90003324714287	225.0	0.2	Free-living	300
SRR9178222	percent	0.9003705868268952	0.0373425996599423	31.414018251527263	67.6482685619859	175.0	0.2	Free-living	300
SRR9178223	percent	0.2789375375552557	0.0117226741360544	27.43110017684935	72.27823961145934	200.0	0.2	Free-living	300
SRR9178224	percent	18.06855843728353	0.0654066383773298	26.33075671434621	55.53527820999293	5.0	0.2	Free-living	5
SRR9178225	percent	14.667391924137249	0.1083366199775743	30.06237201393884	55.16189944194634	125.0	0.2	Free-living	150
SRR9178226	percent	14.700730057448991	0.1556419714999818	28.0552148662596	57.08841310479143	75.0	0.2	Free-living	75
SRR9178227	percent	0.5188442885804687	0.0161388946207582	32.97393787311342	66.49107894368535	200.0	0.2	Free-living	300
SRR9178228	percent	0.3155905285305536	0.0154465348738787	29.8503363821666	69.81862655442896	250.0	0.2	Free-living	300
SRR9178229	percent	0.5870412965850583	0.0303076905256397	31.142023846403905	68.2406271664854	175.0	0.2	Free-living	300
SRR9178230	percent	1.324070642779711	0.0698046953869361	29.153004893566564	69.45311976826679	150.0	0.2	Free-living	150
SRR9178231	percent	4.6592350990054126	0.0577276349253834	31.867138680521517	63.415898585547694	150.0	0.2	Free-living	150
SRR9178232	percent	2.820966083483893	0.0811990088125143	35.39249687463541	61.70533803306818	125.0	0.2	Free-living	150
SRR9178233	percent	12.590523995417149	0.1203436097743216	28.531859125276423	58.75727326953211	25.0	0.2	Free-living	45
SRR9178234	percent	1.1396588368095948	0.0524998491440126	26.90712925413065	71.90071205991573	175.0	0.2	Free-living	300
SRR9178235	percent	0.7417993455323028	0.0357133001117139	30.25016894825373	68.97231840610225	250.0	0.2	Free-living	300
SRR9178236	percent	20.383526278099644	0.092836022333377	29.763923558568816	49.75971414099816	45.0	0.2	Free-living	45
SRR9178237	percent	21.81187025426276	0.0906339056012969	28.62317554608153	49.47432029405441	25.0	0.2	Free-living	45
SRR9178273	percent	15.662885372524094	0.1185735941587065	27.782421213495383	56.43611981982182	100.0	0.2	Free-living	150
SRR9178274	percent	18.46690297038153	0.0861262611463118	29.315763157608103	52.13120761086406	75.0	0.2	Free-living	75
SRR9178275	percent	14.249956968978385	0.1454285072462061	27.673918105155103	57.93069641862031	100.0	0.2	Free-living	150
SRR9178332	percent	2.807237687768972	0.0808707317485556	35.33045609686019	61.78143548362228	125.0	0.2	Free-living	150
SRR17827589	percent	0.2037819264679239	0.0103793305764918	35.24509979023164	64.54073895272394	1000.0	0.2	Free-living	1000
SRR23969167	percent	16.126421980568804	0.0991571145505871	34.89934834800744	48.87507255687317	5.0	0.2	Free-living	5
KJ81	percent	0.4373093784184768	0.1024318037399823	9.313170042759456	90.14708877508208	75.0	20.0	Particle-bound	75
KJ_43_44	percent	3.58751105401199	0.0571564101196901	43.838564140432986	52.516768395435335	150.0	0.2	Free-living	150
KJ_40_41	percent	0.5495154285000075	0.0188302856776353	7.865237648072651	91.5664166377497	150.0	1.2	Free-living	150
ERR599088	percent	15.124650865993903	1.0053677163839294	45.90247879345256	37.967502624169605	5.0	0.22	Free-living	5
KJ_37_38	percent	0.4092904579583189	0.0171698513095003	6.447753814049271	93.12578587668293	150.0	5.0	Particle-bound	150
KJ_34_35	percent	0.702442587971222	0.0245123597818535	8.178867095610391	91.09417795663651	150.0	20.0	Particle-bound	150
ERR599091	percent	4.622460422499277	1.5367530176816355	56.15240348785599	37.6883830719631	5.0	0.22	Free-living	5
KJ_32	percent	8.82647340696925	0.0828667215401086	27.19623127619228	63.89442859529836	75.0	0.2	Free-living	75
ERR599098	percent	20.769065915058206	0.439278096089774	43.745584046638776	35.04607194221324	5.0	0.22	Free-living	5
KJ_31	percent	13.314555575806905	0.0668014454421732	43.70442572174818	42.91421725700274	75.0	0.2	Free-living	75
ERR599114	percent	4.632283126765637	1.5302453563533145	56.19843957725362	37.63903193962743	5.0	0.22	Free-living	5
KJ_29	percent	1.0531077350801994	0.0282774837792978	7.599893715664415	91.31872106547608	75.0	1.2	Free-living	75
KJ_28	percent	1.504871763306154	0.0324319749871109	9.216369595144894	89.24632666656184	75.0	1.2	Free-living	75
ERR599119	percent	4.628693318161619	1.5317728695042874	56.19474631070357	37.644787501630525	5.0	0.22	Free-living	5
KJ_26	percent	0.2773455475766028	0.0080868383405257	1.7997066183070063	97.91486099577588	75.0	5.0	Particle-bound	75
ERR599126	percent	6.488708191058072	0.2954494204831799	24.06187506124638	69.15396732721237	5.0	0.22	Free-living	5
KJ_25	percent	0.6362115497019574	0.0210533813894099	4.056595483492152	95.28613958541648	75.0	5.0	Particle-bound	75
ERR599135	percent	3.5427603968460653	0.4241423279635423	17.64421541974359	78.3888818554468	5.0	0.22	Free-living	5
KJ_23	percent	1.1751870884434434	0.0362390971643295	7.094879037108005	91.69369477728422	75.0	20.0	Particle-bound	75
KJ_22	percent	1.5226172772852886	0.027272058804584	8.922858722212874	89.52725194169724	75.0	20.0	Particle-bound	75
ERR599139	percent	21.26145739070125	0.4289490011522582	44.40677596847957	33.90281763966693	5.0	0.22	Free-living	5
ERR599141	percent	10.863074989113189	0.1215372602129527	44.99403659997104	44.02135115070283	5.0	0.22	Free-living	5
ERR599146	percent	1.8795429434386488	1.2589018548204356	51.74495896713385	45.11659623460707	5.0	0.22	Free-living	5
KJ_124_125	percent	0.0248323302023969	0.0059343715627453	5.866380166632076	94.1028531316028	1000.0	1.2	Free-living	1000
KJ_123	percent	0.0248901796320767	0.0054834686928904	7.665380621071968	92.30424573060306	1000.0	1.2	Free-living	1000
ERR599148	percent	3.431476317034115	0.1294446984847676	22.844269782868803	73.5948092016123	150.0	0.22	Free-living	150
KJ_121_122	percent	0.0186019019140835	0.0076493802263521	2.597920759374837	97.37582795848472	1000.0	5.0	Particle-bound	1000
ERR599075	percent	12.870875462324603	0.130894529388873	50.88209640987771	36.116133598408815	5.0	0.22	Free-living	5
KJ_46_47	percent	0.1039574993865636	0.0100908466583326	7.707882330564521	92.1780693233906	300.0	20.0	Particle-bound	300
KJ_49_50	percent	0.0193057583918186	0.004038568563222	2.5268599825944698	97.44979569045049	300.0	5.0	Particle-bound	300
ERR599069	percent	7.452285060117698	3.239900610962555	49.64984264167151	39.65797168724824	5.0	0.22	Free-living	5
ERR598976	percent	4.495528186047683	0.4821101698486309	50.003829207685946	45.018532436417736	5.0	0.22	Free-living	5
ERR598979	percent	1.561122986171022	1.13762138763317	43.350494463276135	53.95076116291967	5.0	0.22	Free-living	5
SRR17827547	percent	0.1311681377070679	0.0092840107070192	29.420778038780625	70.43876981280529	250.0	0.2	Free-living	300
SRR17827545	percent	0.1137662961396321	0.0099387797945797	35.49976811993548	64.37652680413031	500.0	0.2	Free-living	1000
ERR599002	percent	13.044871340570817	0.26332454332467	48.03363201167552	38.658172104429	75.0	0.22	Free-living	75
SRR15713235	percent	0.8986675111589267	0.0234380732899336	12.395147290030677	86.68274712552046	150.0	20.0	Particle-bound	150
ERR599010	percent	5.255087736375351	0.2568677441878101	19.719590345866138	74.7684541735707	5.0	0.22	Free-living	5
SRR15713234	percent	1.2303889401978831	0.0232541632810951	24.081101057669404	74.66525583885162	150.0	20.0	Particle-bound	150
ERR599012	percent	10.16571345917412	1.1251091714775925	45.7544215658143	42.95475580353399	5.0	0.22	Free-living	5
SRR15713233	percent	1.5418988087028194	0.0239671254775035	27.442164989675305	70.99196907614439	150.0	20.0	Particle-bound	150
SRR15713232	percent	1.328116436475177	0.0247374619174839	23.35321902314133	75.293927078466	150.0	20.0	Particle-bound	150
ERR599016	percent	12.81857287095879	0.2826195067763928	47.588976189937085	39.30983143232773	75.0	0.22	Free-living	75
SRR15713231	percent	0.5724976155307238	0.028177818827666	38.23600854425796	61.16331602138364	150.0	20.0	Particle-bound	150
ERR599150	percent	14.46750138957959	1.449129992535367	44.67611599749821	39.40725262038684	5.0	0.22	Free-living	5
ERR599023	percent	4.815476596698463	3.086598595870656	32.954367676725674	59.1435571307052	65.0	0.22	Free-living	45
ERR599025	percent	5.481603932145447	2.5154544152244607	35.913221247412274	56.08972040521781	65.0	0.22	Free-living	45
KJ_97_98	percent	0.0790823105808435	0.0070425083469287	3.8720372342474456	96.04183794682478	150.0	5.0	Particle-bound	150
KJ_94_95	percent	0.1712872114132952	0.011129525960571	6.948048850781273	92.86953441184484	150.0	20.0	Particle-bound	150
ERR599026	percent	11.412294523868168	0.6764077011936285	45.39121431386887	42.52008346106933	66.0	0.22	Free-living	45
KJ_70_71	percent	13.012991489658049	0.058747465137659	41.89673388734052	45.03152715786378	5.0	20.0	Particle-bound	5
ERR599036	percent	7.45079990066243	3.232646812810183	49.65417404875146	39.66237923777592	5.0	0.22	Free-living	5
ERR599038	percent	8.562166042742664	0.424033885834835	45.588340373295125	45.425459698127376	5.0	0.22	Free-living	5
KJ_64_65	percent	0.04625429801792	0.0075151442734757	6.400072950354454	93.54615760735416	1000.0	1.2	Free-living	1000
KJ_58_59	percent	1.0028778283243969	0.1694325730677971	7.371866616617479	91.45582298199034	1000.0	20.0	Particle-bound	1000
ERR599040	percent	2.7646155130025654	0.1102142753892321	18.89900179525437	78.22616841635383	150.0	0.22	Free-living	150
ERR599066	percent	4.619895192373521	1.5255731574386429	56.12396505673818	37.73056659344966	5.0	0.22	Free-living	5
KJ_52_53	percent	0.0416602624705736	0.0046137512172522	6.652974654671641	93.30075133164053	300.0	1.2	Free-living	300
SRR15713229	percent	1.2161513936405175	0.0255172722338881	25.664465225471545	73.09386610865405	150.0	20.0	Particle-bound	150
SRR17827549	percent	0.378136384348968	0.0214838399971949	32.45019134137856	67.15018843427526	175.0	0.2	Free-living	300
KJ_120	percent	0.0233400277599001	0.0035281437311476	3.174243775346417	96.79888805316251	1000.0	5.0	Particle-bound	1000
KJ_118_119	percent	0.1823336211475619	0.0065531192616942	5.341253685552726	94.469859574038	1000.0	20.0	Particle-bound	1000
KJ87	percent	0.3879797691233689	0.0507984919386313	6.224039120538953	93.33718261839904	75.0	1.2	Free-living	75
KJ8586	percent	0.6798871368388074	0.0254886558413209	4.55966260909012	94.73496159822976	75.0	5.0	Particle-bound	75
KJ18	percent	6.907912483585966	0.4091110728982108	46.62338697725416	46.05958946626166	5.0	0.2	Free-living	5
KJ84	percent	0.1211557143005588	0.0194624269843039	2.7479935866669174	97.11138827204822	75.0	5.0	Particle-bound	75
KJ19	percent	15.070941901775717	0.1027474449534636	47.01584339926665	37.81046725400417	5.0	0.2	Free-living	5
KJ8283	percent	3.0960185034033567	0.0487163355631083	12.68495608009582	84.17030908093771	75.0	20.0	Particle-bound	75
KJ20	percent	19.84169345746058	0.1529539091854624	44.16091293742935	35.84443969592461	5.0	0.2	Free-living	5
KJ21	percent	0.6346037884010363	0.0690696589322969	9.401024994624349	89.89530155804232	75.0	20.0	Particle-bound	75
KJ7980	percent	16.999832820382395	0.1616440159034057	44.08646565392574	38.75205750978846	5.0	0.2	Free-living	5
KJ78	percent	9.119369732472837	0.6317739594625005	49.95709821808724	40.29175808997742	5.0	0.2	Free-living	5
KJ24	percent	0.3041852805014772	0.0220941054928101	4.548922277247922	95.1247983367578	75.0	5.0	Particle-bound	75
KJ7677	percent	1.1812732401890012	0.0311091293905762	10.123603404468296	88.66401422595213	5.0	1.2	Free-living	5
KJ27	percent	0.5143652288551369	0.0420521155422264	6.726792113681963	92.71679054192067	75.0	1.2	Free-living	75
KJ75	percent	0.8188691290791349	0.0531495576969201	9.772618652915533	89.35536266030842	5.0	1.2	Free-living	5
KJ30	percent	6.5851420613200204	0.3494025022789923	41.02717828514633	52.03827715125466	75.0	0.2	Free-living	75
KJ7374	percent	0.9504607690412236	0.0223741537805393	4.949473451786218	94.07769162539202	5.0	5.0	Particle-bound	5
KJ72	percent	0.1511870131108593	0.1116735218315461	2.813442708745645	96.92369675631195	5.0	5.0	Particle-bound	5
KJ33	percent	0.1496655854048743	0.0156233444618402	5.7123659363707375	94.12234513376256	150.0	20.0	Particle-bound	150
KJ69	percent	0.4146242283877143	0.0421624858620773	10.609693174896904	88.93352011085331	5.0	20.0	Particle-bound	5
KJ36	percent	0.1021600521375727	0.0076928273154759	3.28744205851029	96.60270506203666	150.0	5.0	Particle-bound	150
KJ39	percent	0.3623603444658082	0.0186278750090998	7.297175628744309	92.32183615178076	150.0	1.2	Free-living	150
KJ60	percent	0.0108877259704877	0.0046159944206676	3.7499435544160513	96.23455272519278	1000.0	5.0	Particle-bound	1000
KJ42	percent	3.168915833076128	0.0936187756896412	42.0438049312722	54.693660459962025	150.0	0.2	Free-living	150
KJ48	percent	0.0099772398723201	0.0057459285047819	3.1731229025257326	96.81115392909716	300.0	5.0	Particle-bound	300
KJ17	percent	0.9387264812044804	0.0337679343819436	10.248512848386024	88.77899273602755	5.0	1.2	Free-living	5
KJ88	percent	1.2584475767522687	0.0288665765591813	8.933545729548818	89.77914011713973	75.0	1.2	Free-living	75
KJ16	percent	4.820207974829146	0.0389691784679554	15.35573860122119	79.78508424548171	5.0	1.2	Free-living	5
KJ9	percent	0.1096454641704469	0.0340279026735869	8.954028344809057	90.90229828834693	5.0	20.0	Particle-bound	5
KJ_117	percent	0.034113332725567	0.0033819252271036	2.915587146331493	97.04691759571584	1000.0	20.0	Particle-bound	1000
ERR599160	percent	0.501192110259424	2.02667948458526	37.48919883382265	59.98292957133267	5.0	0.22	Free-living	5
ERR599162	percent	5.749499519675121	3.1686959777659105	49.08341457227339	41.998389930285576	5.0	0.22	Free-living	5
ERR599165	percent	4.3417297430183615	0.4980943364607348	21.507669869856887	73.65250605066403	5.0	0.22	Free-living	5
KJ_112_113	percent	0.0463408940550932	0.0064424648136425	5.455320181326842	94.49189645980442	300.0	1.2	Free-living	300
KJ_111	percent	0.0320945914578248	0.0051685600515494	5.744947345681343	94.21778950280928	300.0	1.2	Free-living	300
KJ_109_110	percent	0.0234707439422198	0.0065235904612816	2.64257413316019	97.32743153243632	300.0	5.0	Particle-bound	300
ERR599299	percent	0.0162608054980042	0.0432426877049022	0.6920579964596748	99.24843851033742	60.0	20.0	Particle-bound	45
KJ_108	percent	0.0130748329894379	0.0040681205904637	2.1614688580039383	97.82138818841617	300.0	5.0	Particle-bound	300
ERR599314	percent	0.0449626476516215	0.1123745767006062	0.6200886355875582	99.22257414006022	5.0	20.0	Particle-bound	5
KJ_106_107	percent	0.1129962379610488	0.0259830921514711	5.377860272811804	94.48316039707566	300.0	20.0	Particle-bound	300
ERR599151	percent	7.436100188722388	3.236965661155912	49.58031261591227	39.74662153420943	5.0	0.22	Free-living	5
KJ_105	percent	0.0567310443561521	0.0212865175158337	6.841189708414312	93.0807927297137	300.0	20.0	Particle-bound	300
KJ_103_104	percent	0.7473206991012927	0.0408271105944552	42.45158150783795	56.76027068246631	150.0	0.2	Free-living	150
KJ102	percent	0.7159777668279008	0.0551894642843648	38.98713522643445	60.24169754245329	150.0	0.2	Free-living	150
KJ_100_101	percent	0.1549180903393693	0.0425011042684316	5.74662335360397	94.05595745178825	150.0	1.2	Free-living	150
KJ11	percent	1.3155454318062063	0.0517279224716418	14.158817200214852	84.4739094455073	5.0	20.0	Particle-bound	5
KJ99	percent	0.1250474756730264	0.0142646378624603	8.839487726520067	91.02120015994444	150.0	1.2	Free-living	150
KJ96	percent	0.0340894438384713	0.0058107006542848	3.1850110486322443	96.775088806875	150.0	5.0	Particle-bound	150
KJ12	percent	0.0881181111079322	0.0127002528855447	2.9050740060279554	96.99410762997856	5.0	5.0	Particle-bound	5
KJ93	percent	0.0905900736475356	0.0164566742785315	10.084545511063324	89.80840774101061	150.0	20.0	Particle-bound	150
KJ13	percent	1.2189438026681312	0.0130802334427686	5.045975838602526	93.72200012528656	5.0	5.0	Particle-bound	5
KJ92	percent	12.240849882135809	0.0828610678124195	34.617736638581874	53.058552411469904	75.0	0.2	Free-living	75
KJ14	percent	0.6518028943280897	0.0152309537667936	6.670785354897981	92.66218079700714	5.0	5.0	Particle-bound	5
KJ91	percent	13.3068079224691	0.1074332403878675	44.976816897432414	41.60894193971062	75.0	0.2	Free-living	75
KJ90	percent	2.199149954646286	0.0928824979568376	19.686641198236146	78.02132634916073	75.0	0.2	Free-living	75
KJ15	percent	0.3195527585019274	0.0426211532754621	7.2708775483677295	92.36694853985487	5.0	1.2	Free-living	5
KJ10	percent	1.7777306356235585	0.0381369313511128	17.99730486161501	80.18682757141032	5.0	20.0	Particle-bound	5
ERR598972	percent	5.581953255211551	2.5102301370359665	36.42335419718802	55.48446241056446	65.0	0.22	Free-living	45
ERR599080	percent	7.437093938215937	3.251524361554432	49.60667669495415	39.704705005275486	5.0	0.22	Free-living	5
ERR4691803	percent	0.0097970729800951	0.0235194432012352	0.4605082454116048	99.50617523840708	100.0	20.0	Particle-bound	150
SRR17827577	percent	0.0884108230567904	0.0087076383809276	30.9039322546297	68.99894928393257	770.0	0.2	Free-living	1000
ERR4691759	percent	0.0463287723025879	0.1459158284140012	1.326641161666333	98.48111423761708	5.0	20.0	Particle-bound	5
SRR17827578	percent	0.485458114688291	0.0247352051614911	31.36695055275929	68.12285612739093	175.0	0.2	Free-living	300
ERR1726731	percent	0.0162825224202995	0.012409464795286	0.675412117897254	99.29589589488717	5.0	20.0	Particle-bound	5
SRR17827561	percent	2.030103317658404	0.0797496709209132	33.849257383228895	64.04088962819179	150.0	0.2	Free-living	150
ERR4691756	percent	0.03675405832232	0.0663586074035823	3.954068122311222	95.94281921196288	5.0	20.0	Particle-bound	5
ERR4691844	percent	0.0261336938399858	0.0438356469617501	1.2802840472948671	98.6497466119034	5.0	20.0	Particle-bound	5
ERR588857	percent	2.947827980617643	8.27715189670481	37.65255868459305	51.1224614380845	5.0	0.22	Free-living	5
SRR17827564	percent	0.8033980645123697	0.0351712324154584	33.444836265431555	65.71659443764062	225.0	0.2	Free-living	300
SRR17827571	percent	0.1124757438602693	0.0111516027078817	33.96398637253219	65.91238628089965	770.0	0.2	Free-living	1000
ERR1726937	percent	0.0181967556521531	0.0155230368495902	0.7241137616527736	99.24216644584548	5.0	20.0	Particle-bound	5
SRR17827550	percent	1.1907243105355652	0.0605159819842815	30.43637855701736	68.3123811504628	150.0	0.2	Free-living	150
SRR17827573	percent	0.1434313171286897	0.0101463506752246	29.480567488784075	70.36585484341201	225.0	0.2	Free-living	300
SRR17827569	percent	0.1842457050161397	0.0117364555713917	31.41678520050789	68.38723263890458	200.0	0.2	Free-living	300
ERR1726950	percent	0.022346476782736	0.0104780594472702	0.6466977690397927	99.3204776947302	150.0	20.0	Particle-bound	150
ERR1726892	percent	0.0099466329276096	0.0320760852824998	0.45274506078381	99.50523222100608	5.0	20.0	Particle-bound	5
ERR1726979	percent	0.018500915381334	0.0360830393275197	0.7877609058681944	99.15765513942296	5.0	20.0	Particle-bound	5
SRR17827575	percent	1.093974583648001	0.0521249173134121	34.83892124634253	64.01497925269607	200.0	0.2	Free-living	300
ERR1726800	percent	0.0117648331958767	0.0266209879712642	0.7729788214921414	99.18863535734071	5.0	20.0	Particle-bound	5
ERR4691753	percent	0.12447205185522	0.0571002582980325	5.6272495615962566	94.19117812825048	5.0	20.0	Particle-bound	5
SRR17827565	percent	0.2211188270633842	0.0135621340605583	32.65510173698113	67.11021730189492	250.0	0.2	Free-living	300
SRR17827574	percent	0.396488706260339	0.0246855831755629	29.10795162581709	70.47087408474701	175.0	0.2	Free-living	300
ERR1726607	percent	0.0226645702721324	0.0098881118392572	0.6215538021609148	99.3458935157277	150.0	20.0	Particle-bound	150
ERR1726903	percent	0.027295352573931	0.046354134773813	0.6824298730719253	99.24392063958032	5.0	20.0	Particle-bound	5
SRR17827553	percent	0.1497456131442446	0.0106874195680373	30.62473669895212	69.2148302683356	250.0	0.2	Free-living	300
ERR1726599	percent	0.0643314824925638	0.0269937916026484	0.8647655108241966	99.0439092150806	5.0	20.0	Particle-bound	5
ERR1726601	percent	0.0104081436470157	0.0331621067016848	0.4898224688766371	99.46660728077468	5.0	20.0	Particle-bound	5
SRR17827587	percent	0.6957941492639831	0.0434090960910766	32.21430154117116	67.04649521347378	200.0	0.2	Free-living	300
ERR598970	percent	14.902987139736029	1.0674139411178118	45.34870723831888	38.68089168082728	5.0	0.22	Free-living	5
SRR17827555	percent	0.3468596455425961	0.0201534202994102	32.61048930191671	67.02249763224128	175.0	0.2	Free-living	300
SRR17827588	percent	5.654384869934321	0.2482835038193687	27.43949478799722	66.6578368382491	150.0	0.2	Free-living	150
ERR598957	percent	13.563759628274171	0.0550573899714621	35.64921729217441	50.73196568957996	155.0	0.22	Free-living	150
ERR598942	percent	2.612696829028965	0.8921055787603885	38.33777832776914	58.1574192644415	45.0	0.22	Free-living	45
ERR1726800	reads	8719.0	19729.0	572860.0	73509390.0	5.0	20.0	Particle-bound	5
SRR9178237	reads	15001001.0	62333.0	19685441.0	34025708.0	25.0	0.2	Free-living	45
SRR9178192	reads	35763.0	2296.0	5328017.0	11215742.0	175.0	0.2	Free-living	300
KJ102	reads	27477.0	2118.0	1496205.0	2311889.0	150.0	0.2	Free-living	150
SRR9178236	reads	9833870.0	44788.0	14359368.0	24006178.0	45.0	0.2	Free-living	45
KJ27	reads	22286.0	1822.0	291453.0	4017158.0	75.0	1.2	Free-living	75
SRR9178235	reads	291915.0	14054.0	11904133.0	27142184.0	250.0	0.2	Free-living	300
SRR9178273	reads	4458708.0	33754.0	7908741.0	16065506.0	100.0	0.2	Free-living	150
KJ11	reads	23194.0	912.0	249630.0	1489335.0	5.0	20.0	Particle-bound	5
SRR9178234	reads	347890.0	16026.0	8213617.0	21948269.0	175.0	0.2	Free-living	300
KJ39	reads	13539.0	696.0	272647.0	3449454.0	150.0	1.2	Free-living	150
SRR9178500	reads	1411825.0	26632.0	5545226.0	15737671.0	150.0	0.2	Free-living	150
SRR9178193	reads	5057181.0	61269.0	9608792.0	19637240.0	45.0	0.2	Free-living	45
SRR9178533	reads	2058405.0	47233.0	10210367.0	22116159.0	125.0	0.2	Free-living	150
SRR9178233	reads	2706871.0	25873.0	6134142.0	12632386.0	25.0	0.2	Free-living	45
KJ12	reads	7084.0	1021.0	233545.0	7797560.0	5.0	5.0	Particle-bound	5
SRR9178232	reads	468835.0	13495.0	5882113.0	10255218.0	125.0	0.2	Free-living	150
SRR9178501	reads	27559.0	2022.0	7283936.0	17159362.0	250.0	0.2	Free-living	300
SRR9178499	reads	58219.0	3077.0	14856768.0	30221006.0	500.0	0.2	Free-living	1000
SRR9178498	reads	958004.0	39156.0	11727483.0	26140020.0	200.0	0.2	Free-living	300
KJ42	reads	139120.0	4110.0	1845784.0	2401131.0	150.0	0.2	Free-living	150
SRR9178191	reads	7079496.0	46424.0	13022653.0	21215191.0	75.0	0.2	Free-living	75
SRR9178492	reads	115042.0	6311.0	8902902.0	22577968.0	175.0	0.2	Free-living	300
SRR9178188	reads	42571.0	2641.0	12229601.0	24531976.0	500.0	0.2	Free-living	1000
SRR9178282	reads	3176962.0	25919.0	6166787.0	12226462.0	45.0	0.2	Free-living	45
ERR599165	reads	3849705.0	441648.0	19070322.0	65305866.0	5.0	0.22	Free-living	5
SRR9178281	reads	3197446.0	20582.0	5280578.0	8852431.0	25.0	0.2	Free-living	45
SRR9178493	reads	4333817.0	44022.0	10441263.0	23897597.0	125.0	0.2	Free-living	150
SRR9178280	reads	44183.0	2584.0	8436399.0	19328260.0	250.0	0.2	Free-living	300
SRR9178535	reads	83727.0	4977.0	9323195.0	23562784.0	200.0	0.2	Free-living	300
SRR9178189	reads	225714.0	13427.0	9632188.0	19610815.0	200.0	0.2	Free-living	300
KJ10	reads	36872.0	791.0	373283.0	1663159.0	5.0	20.0	Particle-bound	5
ERR1726590	reads	77908.0	77840.0	2595560.0	150735749.0	70.0	20.0	Particle-bound	75
SRR9178278	reads	1716196.0	59408.0	11173686.0	24699064.0	175.0	0.2	Free-living	300
SRR9178494	reads	3590082.0	18570.0	6899502.0	10174035.0	5.0	0.2	Free-living	5
ERR599299	reads	25182.0	66967.0	1071743.0	153699285.0	60.0	20.0	Particle-bound	45
ERR1726892	reads	9501.0	30639.0	432461.0	95047160.0	5.0	20.0	Particle-bound	5
SRR9178190	reads	767988.0	31803.0	9255245.0	20748067.0	200.0	0.2	Free-living	300
SRR9178495	reads	231125.0	11630.0	12382159.0	27150456.0	175.0	0.2	Free-living	300
SRR9178276	reads	14052989.0	56978.0	19547503.0	29382777.0	75.0	0.2	Free-living	75
ERR599314	reads	50516.0	126254.0	696676.0	111477589.0	5.0	20.0	Particle-bound	5
SRR9178275	reads	5492213.0	56051.0	10666071.0	22327627.0	100.0	0.2	Free-living	150
SRR9178274	reads	7002204.0	32657.0	11115830.0	19766896.0	75.0	0.2	Free-living	75
SRR9178279	reads	2506899.0	32308.0	6079983.0	10779625.0	5.0	0.2	Free-living	5
SRR9178231	reads	1729710.0	21431.0	11830463.0	23542730.0	150.0	0.2	Free-living	150
SRR9178230	reads	420753.0	22182.0	9264018.0	22070279.0	150.0	0.2	Free-living	150
KJ13	reads	30939.0	332.0	128076.0	2378834.0	5.0	5.0	Particle-bound	5
SRR9178531	reads	1831051.0	9510.0	3078328.0	6832394.0	75.0	0.2	Free-living	75
SRR9178219	reads	6066513.0	35006.0	10761483.0	18141791.0	5.0	0.2	Free-living	5
KJ19	reads	610480.0	4162.0	1904475.0	1531592.0	5.0	0.2	Free-living	5
SRR9178218	reads	13787218.0	64697.0	18977918.0	32592304.0	100.0	0.2	Free-living	150
SRR9178507	reads	37091.0	2938.0	10474489.0	20305907.0	250.0	0.2	Free-living	300
SRR9178217	reads	184766.0	10071.0	12474776.0	29611641.0	175.0	0.2	Free-living	300
KJ20	reads	658346.0	5075.0	1465256.0	1189316.0	5.0	0.2	Free-living	5
SRR9178216	reads	4438035.0	54391.0	7712801.0	15308306.0	75.0	0.2	Free-living	75
SRR9178208	reads	65052.0	3971.0	9289014.0	21697093.0	250.0	0.2	Free-living	300
KJ30	reads	331931.0	17612.0	2068018.0	2623044.0	75.0	0.2	Free-living	75
SRR9178209	reads	9769339.0	51947.0	14174956.0	22914578.0	75.0	0.2	Free-living	75
SRR9178215	reads	65308.0	3217.0	3864428.0	8767878.0	175.0	0.2	Free-living	300
KJ21	reads	28657.0	3119.0	424525.0	4059430.0	75.0	20.0	Particle-bound	75
SRR9178214	reads	37358.0	3095.0	7762541.0	25161243.0	250.0	0.2	Free-living	300
SRR9178528	reads	2689530.0	20153.0	8289209.0	23952377.0	100.0	0.2	Free-living	150
ERR1726601	reads	15733.0	50128.0	740418.0	150354202.0	5.0	20.0	Particle-bound	5
ERR1726607	reads	23423.0	10219.0	642353.0	102670328.0	150.0	20.0	Particle-bound	150
SRR9178213	reads	5273522.0	48804.0	7301013.0	16017436.0	75.0	0.2	Free-living	75
KJ24	reads	11854.0	861.0	177270.0	3706982.0	75.0	5.0	Particle-bound	75
SRR9178529	reads	2329827.0	29973.0	9417194.0	17747273.0	125.0	0.2	Free-living	150
SRR9178530	reads	5792007.0	53170.0	12455291.0	31063841.0	75.0	0.2	Free-living	75
SRR9178210	reads	1698980.0	14063.0	7140035.0	13814116.0	100.0	0.2	Free-living	150
SRR9178211	reads	7850972.0	111920.0	11598745.0	19473996.0	45.0	0.2	Free-living	45
SRR9178220	reads	4659004.0	33728.0	9548122.0	14964777.0	45.0	0.2	Free-living	45
KJ18	reads	546742.0	32380.0	3690111.0	3645488.0	5.0	0.2	Free-living	5
SRR9178221	reads	119349.0	6430.0	12097394.0	25855287.0	225.0	0.2	Free-living	300
SRR9178194	reads	4127108.0	47981.0	10857729.0	14905826.0	5.0	0.2	Free-living	5
KJ36	reads	5883.0	443.0	189311.0	5562974.0	150.0	5.0	Particle-bound	150
SRR9178502	reads	6093441.0	39190.0	9474547.0	19750630.0	45.0	0.2	Free-living	45
SRR9178229	reads	190556.0	9838.0	10108828.0	22151186.0	175.0	0.2	Free-living	300
KJ14	reads	17503.0	409.0	179132.0	2488277.0	5.0	5.0	Particle-bound	5
SRR9178228	reads	129983.0	6362.0	12294527.0	28756359.0	250.0	0.2	Free-living	300
ERR1726731	reads	15576.0	11871.0	646105.0	94987302.0	5.0	20.0	Particle-bound	5
SRR9178503	reads	2975912.0	35320.0	11810410.0	22130553.0	125.0	0.2	Free-living	150
SRR9178227	reads	220540.0	6860.0	14015905.0	28262704.0	200.0	0.2	Free-living	300
SRR9178195	reads	79700.0	5248.0	11844203.0	25160215.0	175.0	0.2	Free-living	300
KJ15	reads	12071.0	1610.0	274655.0	3489131.0	5.0	1.2	Free-living	5
SRR9178226	reads	3751170.0	39715.0	7158820.0	14567191.0	75.0	0.2	Free-living	75
ERR1726599	reads	99415.0	41715.0	1336370.0	153058034.0	5.0	20.0	Particle-bound	5
SRR9178532	reads	1013588.0	24812.0	11958784.0	20881882.0	150.0	0.2	Free-living	150
SRR9178225	reads	6846937.0	50573.0	14033522.0	25750321.0	125.0	0.2	Free-living	150
SRR9178504	reads	1516324.0	71291.0	7602238.0	22447917.0	125.0	0.2	Free-living	150
KJ16	reads	163893.0	1325.0	522114.0	2712791.0	5.0	1.2	Free-living	5
SRR9178224	reads	2666085.0	9651.0	3885204.0	8194443.0	5.0	0.2	Free-living	5
SRR9178284	reads	141993.0	4771.0	13588267.0	27087647.0	225.0	0.2	Free-living	300
SRR9178223	reads	71860.0	3020.0	7066811.0	18620349.0	200.0	0.2	Free-living	300
KJ17	reads	25492.0	917.0	278308.0	2410877.0	5.0	1.2	Free-living	5
KJ33	reads	11371.0	1187.0	434003.0	7151044.0	150.0	20.0	Particle-bound	150
SRR9178222	reads	305391.0	12666.0	10655122.0	22945188.0	175.0	0.2	Free-living	300
SRR9178197	reads	328193.0	15708.0	16528741.0	33722092.0	225.0	0.2	Free-living	300
SRR9178196	reads	2381371.0	16903.0	5276560.0	15690279.0	100.0	0.2	Free-living	150
ERR599150	reads	33316815.0	3337162.0	102883411.0	90749889.0	5.0	0.22	Free-living	5
SRR9178285	reads	4957713.0	59401.0	8295144.0	14785011.0	5.0	0.2	Free-living	5
SRR9178461	reads	3467219.0	24726.0	6259588.0	15845855.0	125.0	0.2	Free-living	150
SRR9178403	reads	287008.0	11861.0	8473759.0	16895813.0	175.0	0.2	Free-living	300
ERR599025	reads	2164278.0	993166.0	14179462.0	22145662.0	65.0	0.22	Free-living	45
SRR9178402	reads	8077032.0	35771.0	12731976.0	23869559.0	125.0	0.2	Free-living	150
SRR9178462	reads	4077148.0	20696.0	7064804.0	15936353.0	75.0	0.2	Free-living	75
SRR9178375	reads	3581662.0	29135.0	9247558.0	13083700.0	5.0	0.2	Free-living	5
ERR599026	reads	19264844.0	1141829.0	76623913.0	71777220.0	66.0	0.22	Free-living	45
ERR4691844	reads	36124.0	60593.0	1769707.0	136361261.0	5.0	20.0	Particle-bound	5
SRR9178374	reads	161602.0	7797.0	9472508.0	20911936.0	200.0	0.2	Free-living	300
SRR9178373	reads	102068.0	6291.0	9173756.0	22126833.0	175.0	0.2	Free-living	300
SRR9178463	reads	23160.0	2632.0	7949689.0	17208713.0	500.0	0.2	Free-living	1000
ERR599036	reads	3415121.0	1481704.0	22759303.0	18179501.0	5.0	0.22	Free-living	5
SRR9178372	reads	155884.0	7646.0	14973016.0	35033837.0	250.0	0.2	Free-living	300
SRR9178464	reads	439766.0	20654.0	10829239.0	27931562.0	150.0	0.2	Free-living	150
SRR9178404	reads	5644906.0	32135.0	10445107.0	20933827.0	25.0	0.2	Free-living	45
SRR9178371	reads	732265.0	29152.0	9460415.0	20641134.0	150.0	0.2	Free-living	150
SRR9178370	reads	1348123.0	17783.0	9333753.0	18767148.0	150.0	0.2	Free-living	150
SRR9178369	reads	102213.0	5532.0	6384608.0	14668064.0	175.0	0.2	Free-living	300
ERR599040	reads	914011.0	36438.0	6248209.0	25862395.0	150.0	0.22	Free-living	150
SRR9178465	reads	9500995.0	58548.0	13886273.0	25336062.0	100.0	0.2	Free-living	150
SRR9178368	reads	6798161.0	54331.0	9909340.0	19840252.0	5.0	0.2	Free-living	5
SRR9178367	reads	3398467.0	24590.0	7354312.0	13418823.0	45.0	0.2	Free-living	45
ERR599066	reads	1884736.0	622374.0	22896376.0	15392591.0	5.0	0.22	Free-living	5
SRR9178366	reads	2766.0	13.0	4218.0	11881.0	5.0	0.2	Free-living	5
SRR9178476	reads	4010079.0	41628.0	6539666.0	16501843.0	75.0	0.2	Free-living	75
ERR4691803	reads	14541.0	34908.0	683495.0	147688937.0	100.0	20.0	Particle-bound	150
SRR9178362	reads	4032433.0	38839.0	8945530.0	19437794.0	75.0	0.2	Free-living	75
ERR599069	reads	3508119.0	1525164.0	23372369.0	18668755.0	5.0	0.22	Free-living	5
SRR9178361	reads	1560497.0	69654.0	8884735.0	20903992.0	150.0	0.2	Free-living	150
ERR599038	reads	13113969.0	649458.0	69823930.0	69574459.0	5.0	0.22	Free-living	5
SRR9178477	reads	419374.0	14494.0	11519839.0	19296484.0	150.0	0.2	Free-living	150
ERR599023	reads	6030870.0	3865635.0	41271825.0	74070987.0	65.0	0.22	Free-living	45
SRR9178405	reads	1456073.0	9583.0	2424519.0	4042728.0	25.0	0.2	Free-living	45
SRR9178443	reads	3037157.0	22252.0	6875389.0	11790794.0	25.0	0.2	Free-living	45
ERR598972	reads	2254004.0	1013636.0	14707824.0	22404738.0	65.0	0.22	Free-living	45
ERR598970	reads	6317184.0	452463.0	19222732.0	16396331.0	5.0	0.22	Free-living	5
SRR9178442	reads	1520021.0	23789.0	8805075.0	22918423.0	125.0	0.2	Free-living	150
SRR9178441	reads	4321618.0	52555.0	23003460.0	43246556.0	150.0	0.2	Free-living	150
ERR598976	reads	8906040.0	955103.0	99062020.0	89185705.0	5.0	0.22	Free-living	5
SRR9178439	reads	126301.0	8252.0	17596838.0	37502754.0	200.0	0.2	Free-living	300
ERR598979	reads	736357.0	536598.0	20447742.0	25447720.0	5.0	0.22	Free-living	5
SRR9178438	reads	1785649.0	12330.0	2796671.0	6879989.0	5.0	0.2	Free-living	5
ERR598957	reads	28002879.0	113668.0	73599116.0	104738003.0	155.0	0.22	Free-living	150
SRR9178437	reads	5489479.0	45867.0	12654393.0	27332987.0	125.0	0.2	Free-living	150
ERR588857	reads	3726155.0	10462602.0	47594117.0	64620533.0	5.0	0.22	Free-living	5
ERR599002	reads	20762547.0	419114.0	76451543.0	61529324.0	75.0	0.22	Free-living	75
SRR9178436	reads	3624864.0	43104.0	6949807.0	10331181.0	25.0	0.2	Free-living	45
SRR9178411	reads	3633324.0	45250.0	7430693.0	17371847.0	45.0	0.2	Free-living	45
SRR9178458	reads	338103.0	15478.0	9152969.0	21701567.0	200.0	0.2	Free-living	300
ERR599010	reads	1578586.0	77161.0	5923606.0	22459841.0	5.0	0.22	Free-living	5
SRR9178410	reads	4323332.0	45652.0	5224903.0	12344796.0	100.0	0.2	Free-living	150
ERR598942	reads	4693005.0	1602427.0	68863476.0	104464114.0	45.0	0.22	Free-living	45
SRR9178409	reads	140800.0	4704.0	11598136.0	22513826.0	200.0	0.2	Free-living	300
ERR599012	reads	14810947.0	1639229.0	66661953.0	62582977.0	5.0	0.22	Free-living	5
SRR9178408	reads	82075.0	5097.0	11169380.0	26255571.0	175.0	0.2	Free-living	300
SRR9178459	reads	796081.0	35505.0	12766085.0	26692048.0	175.0	0.2	Free-living	300
SRR9178407	reads	3356333.0	26145.0	6669880.0	11216474.0	5.0	0.2	Free-living	5
ERR599016	reads	4523383.0	99730.0	16793068.0	13871546.0	75.0	0.22	Free-living	75
SRR9178406	reads	3038567.0	42515.0	16957072.0	33261378.0	150.0	0.2	Free-living	150
SRR9178460	reads	46820.0	2415.0	7472845.0	17726454.0	225.0	0.2	Free-living	300
SRR9178457	reads	66340.0	4442.0	14799529.0	32259696.0	250.0	0.2	Free-living	300
SRR9178360	reads	190297.0	6767.0	5202868.0	8648831.0	150.0	0.2	Free-living	150
ERR599075	reads	21158873.0	215182.0	83646821.0	59372549.0	5.0	0.22	Free-living	5
SRR9178359	reads	2494639.0	16763.0	4234015.0	10074403.0	75.0	0.2	Free-living	75
SRR9178485	reads	2072354.0	16679.0	7280877.0	17271724.0	100.0	0.2	Free-living	150
SRR9178319	reads	3015792.0	33193.0	5589785.0	11906069.0	75.0	0.2	Free-living	75
ERR599139	reads	36792345.0	742284.0	76844658.0	58667858.0	5.0	0.22	Free-living	5
SRR9178318	reads	5359554.0	29911.0	8961319.0	21001734.0	5.0	0.2	Free-living	5
SRR9178486	reads	8025.0	482.0	1217659.0	2476895.0	200.0	0.2	Free-living	300
ERR599141	reads	3954109.0	44239.0	16377621.0	16023568.0	5.0	0.22	Free-living	5
SRR9178316	reads	3254523.0	24353.0	5739829.0	14924924.0	45.0	0.2	Free-living	45
ERR1726950	reads	1109.0	520.0	32094.0	4929028.0	150.0	20.0	Particle-bound	150
SRR9178487	reads	3586086.0	31678.0	5853193.0	10978204.0	45.0	0.2	Free-living	45
SRR9178315	reads	107766.0	6327.0	14959542.0	35303289.0	225.0	0.2	Free-living	300
ERR599146	reads	1839895.0	1232346.0	50653427.0	44164886.0	5.0	0.22	Free-living	5
SRR9178314	reads	5087735.0	44585.0	9892504.0	17569340.0	45.0	0.2	Free-living	45
SRR9178293	reads	136002.0	6639.0	10933453.0	21567403.0	200.0	0.2	Free-living	300
SRR9178330	reads	4720278.0	43666.0	8201250.0	14707008.0	25.0	0.2	Free-living	45
ERR599148	reads	6298296.0	237589.0	41929467.0	135079438.0	150.0	0.22	Free-living	150
SRR9178292	reads	7683777.0	51659.0	11541806.0	22122905.0	25.0	0.2	Free-living	45
ERR1726937	reads	1647.0	1405.0	65540.0	8982472.0	5.0	20.0	Particle-bound	5
SRR9178291	reads	37003.0	2299.0	7824573.0	21528645.0	225.0	0.2	Free-living	300
SRR9178489	reads	219764.0	9424.0	15705024.0	32955844.0	225.0	0.2	Free-living	300
SRR9178290	reads	4340142.0	44287.0	7938194.0	15488410.0	25.0	0.2	Free-living	45
SRR9178289	reads	857787.0	34379.0	10403785.0	23986072.0	150.0	0.2	Free-living	150
ERR599151	reads	3391279.0	1476238.0	22611405.0	18126690.0	5.0	0.22	Free-living	5
SRR9178490	reads	3450647.0	17971.0	5816491.0	10943626.0	45.0	0.2	Free-living	45
ERR1726903	reads	34372.0	58372.0	859358.0	124974097.0	5.0	20.0	Particle-bound	5
SRR9178287	reads	8104271.0	42929.0	9948174.0	20437848.0	100.0	0.2	Free-living	150
ERR599160	reads	857613.0	3467945.0	64149502.0	102639565.0	5.0	0.22	Free-living	5
SRR9178286	reads	3658592.0	77093.0	6207344.0	15546491.0	45.0	0.2	Free-living	45
SRR9178491	reads	130854.0	6460.0	10437654.0	19126906.0	200.0	0.2	Free-living	300
SRR9178488	reads	6186392.0	47977.0	7171406.0	15321187.0	100.0	0.2	Free-living	150
ERR599135	reads	1512226.0	181045.0	7531427.0	33460266.0	5.0	0.22	Free-living	5
SRR9178331	reads	57230.0	3594.0	10146251.0	21137023.0	225.0	0.2	Free-living	300
ERR1726979	reads	24848.0	48462.0	1058017.0	133175541.0	5.0	20.0	Particle-bound	5
SRR9178478	reads	1346573.0	42802.0	18375357.0	49306904.0	175.0	0.2	Free-living	300
SRR9178358	reads	6673150.0	56577.0	9075616.0	19759501.0	75.0	0.2	Free-living	75
ERR4691759	reads	69244.0	218089.0	1982827.0	147192035.0	5.0	20.0	Particle-bound	5
ERR599080	reads	3394455.0	1484068.0	22641590.0	18122110.0	5.0	0.22	Free-living	5
SRR9178357	reads	1158026.0	7660.0	1985875.0	4720732.0	75.0	0.2	Free-living	75
SRR9178479	reads	254405.0	10434.0	10884451.0	24967273.0	150.0	0.2	Free-living	150
SRR9178356	reads	2296268.0	21123.0	10390617.0	23546817.0	100.0	0.2	Free-living	150
ERR599088	reads	6324681.0	420415.0	19195057.0	15876885.0	5.0	0.22	Free-living	5
SRR9178355	reads	56037.0	4048.0	11269986.0	26520574.0	250.0	0.2	Free-living	300
SRR9178480	reads	62978.0	3874.0	13430660.0	26650356.0	250.0	0.2	Free-living	300
SRR9178354	reads	98172.0	4855.0	10650646.0	22235408.0	200.0	0.2	Free-living	300
ERR599091	reads	1880221.0	625086.0	22840418.0	15330037.0	5.0	0.22	Free-living	5
SRR9178353	reads	10390581.0	53336.0	16225882.0	26921127.0	5.0	0.2	Free-living	5
ERR4691756	reads	44915.0	81093.0	4832037.0	117246147.0	5.0	20.0	Particle-bound	5
SRR9178339	reads	378470.0	21453.0	7071941.0	17673857.0	150.0	0.2	Free-living	150
ERR599098	reads	6058884.0	128149.0	12761740.0	10223863.0	5.0	0.22	Free-living	5
SRR9178484	reads	2492634.0	58919.0	12240669.0	23486296.0	150.0	0.2	Free-living	150
SRR9178332	reads	1017775.0	29320.0	12809195.0	22399101.0	125.0	0.2	Free-living	150
ERR599126	reads	13027845.0	593195.0	48310753.0	138845382.0	5.0	0.22	Free-living	5
SRR9178333	reads	6036844.0	95990.0	9057869.0	15437234.0	45.0	0.2	Free-living	45
SRR9178334	reads	4920034.0	46718.0	8636816.0	20106100.0	45.0	0.2	Free-living	45
SRR9178483	reads	6337465.0	42436.0	6932646.0	14399883.0	75.0	0.2	Free-living	75
ERR599162	reads	10643684.0	5866006.0	90865014.0	77748957.0	5.0	0.22	Free-living	5
ERR599119	reads	1934984.0	640344.0	23491713.0	15737068.0	5.0	0.22	Free-living	5
ERR4691753	reads	198047.0	90852.0	8953495.0	149867219.0	5.0	20.0	Particle-bound	5
SRR9178482	reads	5530135.0	49749.0	10208884.0	17789527.0	75.0	0.2	Free-living	75
ERR599114	reads	1895747.0	626248.0	22999031.0	15403653.0	5.0	0.22	Free-living	5
SRR9178337	reads	7707666.0	53932.0	12465451.0	22428160.0	5.0	0.2	Free-living	5
SRR9178338	reads	4766316.0	36759.0	9299938.0	17191377.0	5.0	0.2	Free-living	5
SRR9178335	reads	5371451.0	47358.0	7955898.0	16106500.0	5.0	0.2	Free-living	5
SRR9178161	reads	263942.0	12966.0	13206523.0	27067491.0	225.0	0.2	Free-living	300
SRR17827589	reads	76217.0	3882.0	13182110.0	24139047.0	1000.0	0.2	Free-living	1000
SRR9178160	reads	87074.0	3292.0	7557136.0	19069171.0	200.0	0.2	Free-living	300
SRR23969141	reads	3050691.0	114299.0	5580785.0	9855390.0	25.0	0.2	Free-living	45
SRR23969142	reads	3223100.0	26751.0	6251234.0	9734130.0	75.0	0.2	Free-living	75
SRR17827547	reads	29161.0	2064.0	6540760.0	15659786.0	250.0	0.2	Free-living	300
SRR23969143	reads	3229171.0	42724.0	4553740.0	8365135.0	25.0	0.2	Free-living	45
SRR23969144	reads	5695148.0	76522.0	7355365.0	16510242.0	75.0	0.2	Free-living	75
SRR17827545	reads	38232.0	3340.0	11929958.0	21634205.0	500.0	0.2	Free-living	1000
SRR23969145	reads	4558870.0	44639.0	5787355.0	10362972.0	100.0	0.2	Free-living	150
SRR23969146	reads	2432626.0	42574.0	6745423.0	11923809.0	45.0	0.2	Free-living	45
SRR23969147	reads	1604834.0	29607.0	3673920.0	10728742.0	25.0	0.2	Free-living	45
SRR23969148	reads	3107845.0	26330.0	5805074.0	9269494.0	45.0	0.2	Free-living	45
SRR15713234	reads	294341.0	5563.0	5760825.0	17861869.0	150.0	20.0	Particle-bound	150
SRR23969149	reads	4172483.0	28531.0	7955666.0	11030241.0	45.0	0.2	Free-living	45
SRR23969150	reads	2145132.0	13542.0	4799853.0	9742573.0	25.0	0.2	Free-living	45
SRR15713233	reads	374166.0	5816.0	6659273.0	17227318.0	150.0	20.0	Particle-bound	150
SRR23969151	reads	950548.0	21368.0	6041737.0	11344115.0	125.0	0.2	Free-living	150
SRR15713235	reads	184311.0	4807.0	2542166.0	17778081.0	150.0	20.0	Particle-bound	150
SRR23969140	reads	2351648.0	106556.0	14958088.0	31416444.0	125.0	0.2	Free-living	150
SRR23969139	reads	3470562.0	25294.0	6243996.0	11292197.0	5.0	0.2	Free-living	5
SRR17827549	reads	76353.0	4338.0	6552317.0	13558913.0	175.0	0.2	Free-living	300
SRR17827661	reads	30784.0	1945.0	5423836.0	11960501.0	225.0	0.2	Free-living	300
SRR17827663	reads	23780.0	1847.0	6090463.0	11134297.0	770.0	0.2	Free-living	1000
SRR17827664	reads	27178.0	2418.0	7853208.0	13915645.0	500.0	0.2	Free-living	1000
SRR17827553	reads	23371.0	1668.0	4779644.0	10802452.0	250.0	0.2	Free-living	300
SRR17827666	reads	90853.0	4911.0	6348087.0	14651445.0	200.0	0.2	Free-living	300
SRR17827667	reads	87055.0	4871.0	8584535.0	19005678.0	225.0	0.2	Free-living	300
SRR17827668	reads	975069.0	53441.0	11665725.0	24760350.0	150.0	0.2	Free-living	150
SRR17827671	reads	38723.0	2511.0	5456326.0	11720067.0	200.0	0.2	Free-living	300
SRR17827550	reads	246405.0	12523.0	6298415.0	14136364.0	150.0	0.2	Free-living	150
SRR17827672	reads	19704.0	1527.0	6419864.0	11963280.0	500.0	0.2	Free-living	1000
SRR23969138	reads	19325.0	1909.0	4500702.0	12654454.0	770.0	0.2	Free-living	1000
SRR23969152	reads	7564559.0	36506.0	10154553.0	19866494.0	100.0	0.2	Free-living	150
SRR15713232	reads	280737.0	5229.0	4936399.0	15915616.0	150.0	20.0	Particle-bound	150
SRR23969153	reads	2478515.0	21668.0	5256933.0	10886697.0	100.0	0.2	Free-living	150
SRR23969154	reads	17428.0	1323.0	4281379.0	14540532.0	1000.0	0.2	Free-living	1000
KJ_58_59	reads	17473.0	2952.0	128439.0	1593422.0	1000.0	20.0	Particle-bound	1000
SRR23969169	reads	4374087.0	20177.0	8370568.0	13099827.0	25.0	0.2	Free-living	45
SRR23969170	reads	32522.0	1889.0	4788852.0	15253818.0	200.0	0.2	Free-living	300
SRR23969171	reads	2788059.0	21649.0	6313184.0	14524582.0	45.0	0.2	Free-living	45
SRR23969172	reads	1429303.0	15393.0	4695596.0	12029266.0	100.0	0.2	Free-living	150
KJ_52_53	reads	1526.0	169.0	243696.0	3417572.0	300.0	1.2	Free-living	300
SRR23969173	reads	4077856.0	37895.0	6254243.0	14538836.0	100.0	0.2	Free-living	150
SRR23969174	reads	1318211.0	32737.0	4731086.0	12046954.0	100.0	0.2	Free-living	150
KJ_49_50	reads	827.0	173.0	108243.0	4174453.0	300.0	5.0	Particle-bound	300
SRR23969175	reads	19858.0	1610.0	2615869.0	12085588.0	200.0	0.2	Free-living	300
SRR23969176	reads	4147779.0	58057.0	5084788.0	11384365.0	45.0	0.2	Free-living	45
KJ_46_47	reads	1432.0	139.0	106175.0	1269740.0	300.0	20.0	Particle-bound	300
SRR23969177	reads	3194651.0	42507.0	12909951.0	26977587.0	100.0	0.2	Free-living	150
SRR23969178	reads	3537106.0	119809.0	5738967.0	11185446.0	45.0	0.2	Free-living	45
KJ_43_44	reads	285274.0	4545.0	3485983.0	4176062.0	150.0	0.2	Free-living	150
SRR23969179	reads	4101851.0	31504.0	5892639.0	11240363.0	125.0	0.2	Free-living	150
SRR23969168	reads	4513684.0	31098.0	7984982.0	15482869.0	45.0	0.2	Free-living	45
SRR17827555	reads	132576.0	7703.0	12464316.0	25617205.0	175.0	0.2	Free-living	300
SRR23969167	reads	3065508.0	18849.0	6634096.0	9290773.0	5.0	0.2	Free-living	5
SRR23969166	reads	4507569.0	29651.0	9147189.0	13675101.0	25.0	0.2	Free-living	45
SRR15713231	reads	137406.0	6763.0	9177081.0	14679898.0	150.0	20.0	Particle-bound	150
SRR23969155	reads	4827452.0	39341.0	8588849.0	15154130.0	45.0	0.2	Free-living	45
SRR23969156	reads	1948581.0	22987.0	3850758.0	7223919.0	5.0	0.2	Free-living	5
SRR15713229	reads	297112.0	6234.0	6269960.0	17857205.0	150.0	20.0	Particle-bound	150
SRR23969157	reads	629912.0	32866.0	5254721.0	13781407.0	125.0	0.2	Free-living	150
SRR23969158	reads	4044723.0	31524.0	8010619.0	12819155.0	75.0	0.2	Free-living	75
KJ_97_98	reads	4065.0	362.0	199031.0	4936756.0	150.0	5.0	Particle-bound	150
SRR23969159	reads	3646604.0	27342.0	9435949.0	13153090.0	25.0	0.2	Free-living	45
SRR23969160	reads	776264.0	37852.0	5120485.0	11894000.0	125.0	0.2	Free-living	150
KJ_94_95	reads	7649.0	497.0	310272.0	4147181.0	150.0	20.0	Particle-bound	150
SRR23969161	reads	4955217.0	28051.0	10414723.0	16527586.0	45.0	0.2	Free-living	45
SRR23969162	reads	1696112.0	40608.0	6150470.0	18064725.0	125.0	0.2	Free-living	150
KJ_70_71	reads	1003428.0	4530.0	3230645.0	3472368.0	5.0	20.0	Particle-bound	5
SRR23969163	reads	2463834.0	24829.0	6167666.0	13063504.0	25.0	0.2	Free-living	45
SRR23969164	reads	1151850.0	30527.0	5549056.0	14420547.0	125.0	0.2	Free-living	150
KJ_64_65	reads	1471.0	239.0	203538.0	2974997.0	1000.0	1.2	Free-living	1000
SRR23969180	reads	2627061.0	25126.0	5177982.0	8177182.0	25.0	0.2	Free-living	45
SRR17827608	reads	190566.0	10238.0	5371430.0	13026819.0	150.0	0.2	Free-living	150
SRR17827578	reads	177676.0	9053.0	11480196.0	24932731.0	175.0	0.2	Free-living	300
SRR17827610	reads	304496.0	6820.0	7974593.0	17714143.0	200.0	0.2	Free-living	300
SRR17827611	reads	205344.0	10928.0	3202264.0	12253809.0	150.0	0.2	Free-living	150
SRR17827577	reads	31404.0	3093.0	10977243.0	24508798.0	770.0	0.2	Free-living	1000
SRR17827613	reads	60332.0	3841.0	11048064.0	21866614.0	200.0	0.2	Free-living	300
SRR17827575	reads	204062.0	9723.0	6498597.0	11940885.0	200.0	0.2	Free-living	300
SRR17827616	reads	970893.0	17556.0	6172792.0	12093795.0	150.0	0.2	Free-living	150
SRR17827617	reads	26022.0	2345.0	6984749.0	13606434.0	1000.0	0.2	Free-living	1000
SRR17827574	reads	92900.0	5784.0	6820191.0	16511805.0	175.0	0.2	Free-living	300
SRR17827606	reads	47304.0	4712.0	12554763.0	28896007.0	770.0	0.2	Free-living	1000
SRR17827603	reads	940795.0	36889.0	12084487.0	25656777.0	150.0	0.2	Free-living	150
SRR17827590	reads	41238.0	4552.0	13318800.0	30665426.0	1000.0	0.2	Free-living	1000
SRR17827587	reads	166619.0	10395.0	7714228.0	16055352.0	200.0	0.2	Free-living	300
SRR17827598	reads	275944.0	13628.0	9751867.0	20810495.0	200.0	0.2	Free-living	300
SRR17827600	reads	951032.0	35737.0	10303364.0	20673122.0	150.0	0.2	Free-living	150
SRR17827601	reads	22387.0	2185.0	7389505.0	14404824.0	770.0	0.2	Free-living	1000
SRR17827573	reads	21996.0	1556.0	4521011.0	10791000.0	225.0	0.2	Free-living	300
SRR17827620	reads	19931.0	2132.0	7077971.0	17810893.0	770.0	0.2	Free-living	1000
SRR17827641	reads	64123.0	3905.0	9181356.0	17899218.0	250.0	0.2	Free-living	300
SRR17827645	reads	56803.0	3295.0	4781166.0	13396258.0	200.0	0.2	Free-living	300
SRR17827646	reads	23579.0	1759.0	5600155.0	11603640.0	250.0	0.2	Free-living	300
SRR17827647	reads	513482.0	23492.0	5712221.0	12745861.0	150.0	0.2	Free-living	150
SRR17827561	reads	399862.0	15708.0	6667164.0	12613899.0	150.0	0.2	Free-living	150
SRR17827654	reads	42871.0	4113.0	13325703.0	36031397.0	1000.0	0.2	Free-living	1000
SRR17827564	reads	252318.0	11046.0	10503802.0	20639183.0	225.0	0.2	Free-living	300
SRR17827657	reads	262032.0	15236.0	7596982.0	17076531.0	200.0	0.2	Free-living	300
SRR17827638	reads	173248.0	7778.0	9844861.0	19618174.0	200.0	0.2	Free-living	300
SRR17827565	reads	69048.0	4235.0	10197094.0	20956272.0	250.0	0.2	Free-living	300
SRR17827571	reads	44066.0	4369.0	13306487.0	25823303.0	770.0	0.2	Free-living	1000
SRR17827624	reads	238503.0	12107.0	10105672.0	20840107.0	175.0	0.2	Free-living	300
SRR17827625	reads	1224768.0	19190.0	5994995.0	12516583.0	150.0	0.2	Free-living	150
SRR17827628	reads	232889.0	11250.0	7335476.0	15493184.0	200.0	0.2	Free-living	300
SRR17827569	reads	30989.0	1974.0	5284111.0	11502314.0	200.0	0.2	Free-living	300
SRR17827629	reads	20756.0	1943.0	6232393.0	12858277.0	770.0	0.2	Free-living	1000
SRR17827632	reads	429593.0	17970.0	6379253.0	13379855.0	150.0	0.2	Free-living	150
SRR17827633	reads	31177.0	2120.0	5303885.0	14119206.0	225.0	0.2	Free-living	300
KJ48	reads	415.0	239.0	131985.0	4026828.0	300.0	5.0	Particle-bound	300
KJ_40_41	reads	33414.0	1145.0	478256.0	5567815.0	150.0	1.2	Free-living	150
SRR23969182	reads	2917435.0	16663.0	5948999.0	11311531.0	45.0	0.2	Free-living	45
SRR9178100	reads	3111284.0	28033.0	7524948.0	10304309.0	5.0	0.2	Free-living	5
KJ88	reads	39105.0	897.0	277601.0	2789797.0	75.0	1.2	Free-living	75
SRR9178101	reads	91722.0	4445.0	11597076.0	27626431.0	175.0	0.2	Free-living	300
SRR9178102	reads	2559037.0	23546.0	7830909.0	19133643.0	125.0	0.2	Free-living	150
KJ87	reads	11571.0	1515.0	185624.0	2783662.0	75.0	1.2	Free-living	75
SRR9178103	reads	13322861.0	45053.0	18828570.0	29414180.0	45.0	0.2	Free-living	45
SRR9178104	reads	10261902.0	56891.0	13959973.0	26157871.0	25.0	0.2	Free-living	45
SRR9178098	reads	129045.0	6350.0	7727138.0	17749375.0	175.0	0.2	Free-living	300
KJ8586	reads	17925.0	672.0	120214.0	2497656.0	75.0	5.0	Particle-bound	75
SRR9178106	reads	5936443.0	44038.0	9058842.0	17688052.0	25.0	0.2	Free-living	45
KJ84	reads	4314.0	693.0	97848.0	3457852.0	75.0	5.0	Particle-bound	75
SRR9178107	reads	64522.0	3865.0	10165944.0	22380130.0	200.0	0.2	Free-living	300
SRR9178108	reads	363947.0	7583.0	2871712.0	9414979.0	125.0	0.2	Free-living	150
KJ8283	reads	84397.0	1328.0	345790.0	2294470.0	75.0	20.0	Particle-bound	75
SRR9178109	reads	5681515.0	39627.0	9145099.0	17798679.0	75.0	0.2	Free-living	75
SRR9178110	reads	68462.0	3947.0	10142048.0	21922271.0	225.0	0.2	Free-living	300
SRR9178105	reads	4456359.0	35969.0	8218158.0	19632946.0	25.0	0.2	Free-living	45
KJ9	reads	10614.0	3294.0	866776.0	8799607.0	5.0	20.0	Particle-bound	5
SRR9178097	reads	4222051.0	54173.0	9619668.0	17096854.0	25.0	0.2	Free-living	45
SRR9178096	reads	859506.0	25937.0	11845487.0	23557398.0	125.0	0.2	Free-living	150
SRR9178085	reads	6935044.0	53339.0	11102782.0	19042616.0	75.0	0.2	Free-living	75
KJ99	reads	4988.0	569.0	352597.0	3630731.0	150.0	1.2	Free-living	150
SRR9178086	reads	219547.0	13832.0	9158062.0	21476914.0	150.0	0.2	Free-living	150
SRR9178087	reads	1690029.0	47340.0	10799529.0	26338826.0	125.0	0.2	Free-living	150
KJ96	reads	1232.0	210.0	115107.0	3497473.0	150.0	5.0	Particle-bound	150
SRR9178088	reads	1011663.0	34432.0	14136025.0	39541116.0	175.0	0.2	Free-living	300
SRR9178089	reads	4105744.0	24156.0	7402515.0	16111825.0	45.0	0.2	Free-living	45
KJ93	reads	3468.0	630.0	386060.0	3438076.0	150.0	20.0	Particle-bound	150
SRR9178090	reads	1054884.0	37187.0	10835505.0	20673608.0	175.0	0.2	Free-living	300
SRR9178091	reads	92393.0	5536.0	20823172.0	42709635.0	250.0	0.2	Free-living	300
KJ92	reads	431364.0	2920.0	1219919.0	1869768.0	75.0	0.2	Free-living	75
SRR9178092	reads	4828947.0	37128.0	9395826.0	22035771.0	5.0	0.2	Free-living	5
SRR9178093	reads	2278412.0	16033.0	3598966.0	8753280.0	5.0	0.2	Free-living	5
KJ91	reads	499656.0	4034.0	1688830.0	1562370.0	75.0	0.2	Free-living	75
SRR9178094	reads	3932875.0	33871.0	7521417.0	17161035.0	25.0	0.2	Free-living	45
KJ90	reads	156716.0	6619.0	1402911.0	5559962.0	75.0	0.2	Free-living	75
KJ81	reads	15395.0	3606.0	327860.0	3173530.0	75.0	20.0	Particle-bound	75
SRR9178111	reads	145099.0	7517.0	12922768.0	24339900.0	225.0	0.2	Free-living	300
SRR17827588	reads	956504.0	42000.0	4641705.0	11275937.0	150.0	0.2	Free-living	150
SRR9178112	reads	4219006.0	47473.0	8352169.0	17774248.0	100.0	0.2	Free-living	150
SRR9178149	reads	5163551.0	23607.0	6085227.0	15208395.0	100.0	0.2	Free-living	150
SRR9178150	reads	70620.0	3590.0	8193306.0	19146026.0	225.0	0.2	Free-living	300
SRR9178151	reads	5177584.0	60411.0	9127387.0	15345563.0	25.0	0.2	Free-living	45
SRR9178152	reads	6388851.0	64930.0	8853830.0	17908664.0	100.0	0.2	Free-living	150
KJ60	reads	434.0	184.0	149478.0	3836044.0	1000.0	5.0	Particle-bound	1000
SRR9178153	reads	530993.0	11130.0	4222309.0	14238398.0	125.0	0.2	Free-living	150
SRR9178154	reads	64253.0	4359.0	12764292.0	31918991.0	200.0	0.2	Free-living	300
SRR9178155	reads	10630.0	613.0	1731395.0	3468167.0	200.0	0.2	Free-living	300
SRR9178156	reads	3962338.0	39800.0	7341716.0	12829934.0	5.0	0.2	Free-living	5
SRR9178157	reads	4671617.0	40516.0	8635485.0	15576155.0	45.0	0.2	Free-living	45
SRR9178158	reads	3167977.0	36036.0	11150965.0	22783070.0	150.0	0.2	Free-living	150
SRR9178159	reads	3734768.0	51346.0	7019731.0	11641265.0	5.0	0.2	Free-living	5
SRR9178148	reads	58736.0	4157.0	11103579.0	24150954.0	225.0	0.2	Free-living	300
SRR9178147	reads	1905745.0	11564.0	5669254.0	14913723.0	100.0	0.2	Free-living	150
SRR9178146	reads	1216972.0	7847.0	2103110.0	5115095.0	25.0	0.2	Free-living	45
KJ7980	reads	764679.0	7271.0	1983078.0	1743128.0	5.0	0.2	Free-living	5
SRR9178113	reads	305705.0	13646.0	6132031.0	13400462.0	150.0	0.2	Free-living	150
SRR9178114	reads	38027.0	2460.0	8452717.0	19487880.0	250.0	0.2	Free-living	300
KJ78	reads	491554.0	34054.0	2692797.0	2171814.0	5.0	0.2	Free-living	5
SRR9178115	reads	646096.0	28607.0	13062795.0	28786930.0	150.0	0.2	Free-living	150
SRR9178117	reads	4351523.0	64229.0	8579965.0	14933085.0	100.0	0.2	Free-living	150
KJ7677	reads	37858.0	997.0	324446.0	2841546.0	5.0	1.2	Free-living	5
SRR9178119	reads	1395206.0	46496.0	11516656.0	28066444.0	125.0	0.2	Free-living	150
KJ75	reads	37146.0	2411.0	443311.0	4053388.0	5.0	1.2	Free-living	5
SRR9178141	reads	859108.0	5288.0	2557533.0	6659039.0	100.0	0.2	Free-living	150
SRR9178142	reads	2731948.0	17789.0	4681721.0	11423068.0	25.0	0.2	Free-living	45
KJ7374	reads	22642.0	533.0	117907.0	2241131.0	5.0	5.0	Particle-bound	5
SRR9178143	reads	3407335.0	21461.0	6165696.0	11173278.0	25.0	0.2	Free-living	45
SRR9178144	reads	36295.0	2307.0	9215452.0	18750349.0	225.0	0.2	Free-living	300
KJ72	reads	6627.0	4895.0	123322.0	4248469.0	5.0	5.0	Particle-bound	5
SRR9178145	reads	3721034.0	33752.0	8688606.0	15892799.0	25.0	0.2	Free-living	45
KJ69	reads	23513.0	2391.0	601667.0	5043347.0	5.0	20.0	Particle-bound	5
SRR23969181	reads	2643162.0	18892.0	5063851.0	9906716.0	25.0	0.2	Free-living	45
KJ_100_101	reads	10392.0	2851.0	385487.0	6309331.0	150.0	1.2	Free-living	150
SRR9178082	reads	7351369.0	37250.0	10369080.0	19926980.0	100.0	0.2	Free-living	150
KJ_25	reads	38227.0	1265.0	243742.0	5725302.0	75.0	5.0	Particle-bound	75
SRR23969197	reads	3116696.0	53693.0	9764589.0	38328407.0	100.0	0.2	Free-living	150
SRR23969198	reads	3716853.0	29617.0	10222863.0	15798208.0	5.0	0.2	Free-living	5
KJ_23	reads	68003.0	2097.0	410550.0	5305918.0	75.0	20.0	Particle-bound	75
SRR23969200	reads	3182825.0	25982.0	7548391.0	14086817.0	5.0	0.2	Free-living	5
KJ_22	reads	76823.0	1376.0	450199.0	4517059.0	75.0	20.0	Particle-bound	75
SRR23969196	reads	2414058.0	23680.0	4778381.0	9876087.0	75.0	0.2	Free-living	75
SRR23969201	reads	4408262.0	55435.0	4815149.0	9690032.0	75.0	0.2	Free-living	75
SRR23969203	reads	759689.0	36395.0	4036228.0	14594320.0	125.0	0.2	Free-living	150
SRR23969204	reads	3641974.0	39556.0	6603876.0	10440904.0	5.0	0.2	Free-living	5
SRR23969205	reads	2373986.0	28475.0	4414111.0	11882104.0	75.0	0.2	Free-living	75
SRR23969206	reads	5035709.0	35009.0	9363545.0	15493088.0	75.0	0.2	Free-living	75
KJ_124_125	reads	1565.0	374.0	369715.0	5930614.0	1000.0	1.2	Free-living	1000
SRR23969202	reads	2082626.0	24174.0	3371105.0	6554702.0	25.0	0.2	Free-living	45
SRR23969195	reads	5878912.0	43975.0	10464055.0	16808704.0	45.0	0.2	Free-living	45
KJ_26	reads	20166.0	588.0	130858.0	7119462.0	75.0	5.0	Particle-bound	75
SRR23969194	reads	587567.0	24568.0	4400856.0	12942075.0	125.0	0.2	Free-living	150
KJ_37_38	reads	19833.0	832.0	312439.0	4512599.0	150.0	5.0	Particle-bound	150
SRR23969183	reads	3289183.0	24822.0	6149445.0	10473678.0	75.0	0.2	Free-living	75
SRR23969184	reads	2637803.0	72896.0	5946359.0	11103486.0	100.0	0.2	Free-living	150
KJ_34_35	reads	36308.0	1267.0	422751.0	4708495.0	150.0	20.0	Particle-bound	150
SRR23969185	reads	1720582.0	48233.0	5275835.0	12973045.0	25.0	0.2	Free-living	45
SRR23969186	reads	1986344.0	38845.0	4934887.0	12856318.0	75.0	0.2	Free-living	75
KJ_32	reads	729515.0	6849.0	2247790.0	5280925.0	75.0	0.2	Free-living	75
SRR23969188	reads	128021.0	7453.0	4947597.0	13375101.0	150.0	0.2	Free-living	150
KJ_31	reads	951133.0	4772.0	3122051.0	3065602.0	75.0	0.2	Free-living	75
SRR23969189	reads	4306653.0	24554.0	7926321.0	18688284.0	125.0	0.2	Free-living	150
SRR23969190	reads	2411180.0	39513.0	5730798.0	16872209.0	45.0	0.2	Free-living	45
KJ_29	reads	69121.0	1856.0	498821.0	5993728.0	75.0	1.2	Free-living	75
SRR23969191	reads	1942436.0	38010.0	3915649.0	11422776.0	75.0	0.2	Free-living	75
SRR23969192	reads	2891427.0	20553.0	6196563.0	10981089.0	100.0	0.2	Free-living	150
KJ_28	reads	117719.0	2537.0	720953.0	6981318.0	75.0	1.2	Free-living	75
SRR23969193	reads	954391.0	7896.0	5979589.0	12601410.0	125.0	0.2	Free-living	150
SRR23969207	reads	2797373.0	22664.0	5058286.0	10474853.0	25.0	0.2	Free-living	45
SRR23969208	reads	3694029.0	23520.0	8006473.0	9688576.0	5.0	0.2	Free-living	5
KJ_123	reads	1566.0	345.0	482278.0	5807449.0	1000.0	1.2	Free-living	1000
SRR23969209	reads	2230203.0	33010.0	6295790.0	17240556.0	125.0	0.2	Free-living	150
SRR23969224	reads	2827721.0	19008.0	5878422.0	9897948.0	5.0	0.2	Free-living	5
KJ_111	reads	2074.0	334.0	371247.0	6088493.0	300.0	1.2	Free-living	300
SRR23969225	reads	2575848.0	27674.0	5573143.0	8710252.0	5.0	0.2	Free-living	5
SRR23969226	reads	5923204.0	54744.0	9631931.0	19966422.0	125.0	0.2	Free-living	150
KJ_109_110	reads	993.0	276.0	111802.0	4117728.0	300.0	5.0	Particle-bound	300
SRR23969227	reads	3828813.0	24204.0	7734940.0	12691894.0	25.0	0.2	Free-living	45
SRR23969228	reads	2423175.0	30729.0	4728511.0	9366408.0	75.0	0.2	Free-living	75
KJ_108	reads	736.0	229.0	121672.0	5506498.0	300.0	5.0	Particle-bound	300
SRR23969229	reads	3508967.0	92841.0	5688088.0	10328114.0	75.0	0.2	Free-living	75
SRR23969230	reads	4109078.0	26048.0	8467158.0	15765429.0	5.0	0.2	Free-living	5
KJ_106_107	reads	3179.0	731.0	151299.0	2658159.0	300.0	20.0	Particle-bound	300
SRR9178079	reads	33298.0	2910.0	11778382.0	28150826.0	250.0	0.2	Free-living	300
KJ_105	reads	573.0	215.0	69098.0	940143.0	300.0	20.0	Particle-bound	300
SRR9178081	reads	77560.0	3247.0	9769777.0	38551330.0	225.0	0.2	Free-living	300
KJ_103_104	reads	64377.0	3517.0	3656938.0	4889542.0	150.0	0.2	Free-living	150
SRR23969223	reads	2190103.0	48097.0	6220928.0	12802431.0	5.0	0.2	Free-living	5
SRR9178083	reads	2841960.0	71546.0	8994059.0	19127286.0	125.0	0.2	Free-living	150
KJ_112_113	reads	2273.0	316.0	267581.0	4634785.0	300.0	1.2	Free-living	300
SRR23969221	reads	6367216.0	48796.0	12262013.0	27090973.0	100.0	0.2	Free-living	150
SRR23969210	reads	3640611.0	115769.0	5933198.0	11277050.0	5.0	0.2	Free-living	5
KJ_121_122	reads	214.0	88.0	29887.0	1120231.0	1000.0	5.0	Particle-bound	1000
SRR23969211	reads	2073442.0	59680.0	9237747.0	21550642.0	125.0	0.2	Free-living	150
SRR23969212	reads	2580836.0	9380.0	4920978.0	12096225.0	5.0	0.2	Free-living	5
KJ_120	reads	602.0	91.0	81872.0	2496695.0	1000.0	5.0	Particle-bound	1000
SRR23969213	reads	7023502.0	71756.0	9954501.0	19367433.0	100.0	0.2	Free-living	150
SRR23969214	reads	2353719.0	31210.0	5599774.0	11508556.0	5.0	0.2	Free-living	5
KJ_118_119	reads	3951.0	142.0	115740.0	2047074.0	1000.0	20.0	Particle-bound	1000
SRR23969215	reads	58856.0	4008.0	5259932.0	14915756.0	150.0	0.2	Free-living	150
SRR23969216	reads	3178284.0	23221.0	4699663.0	14339845.0	100.0	0.2	Free-living	150
KJ_117	reads	464.0	46.0	39657.0	1320005.0	1000.0	20.0	Particle-bound	1000
SRR23969217	reads	1801546.0	12814.0	3210142.0	5848155.0	45.0	0.2	Free-living	45
SRR23969218	reads	6842124.0	49552.0	13048572.0	25238920.0	75.0	0.2	Free-living	75
SRR23969219	reads	3036051.0	38613.0	4407674.0	9324486.0	45.0	0.2	Free-living	45
SRR23969220	reads	6002017.0	30891.0	8387002.0	18065785.0	100.0	0.2	Free-living	150
SRR23969222	reads	4167609.0	49753.0	8522307.0	15820631.0	75.0	0.2	Free-living	75
SRR9178536	reads	1543252.0	38715.0	9648408.0	23017814.0	125.0	0.2	Free-living	150
