sample_name	cell_state	depth	binned_depth	Total Classified Read	Prochlorococcus	Pro/Syn Ratio	Pro Abundance	Pro/Syn Ratio Condition	Pro Abundance Condition	Pro Count Condition	Sample Pass
ERR1726800	Particle-bound	5.0	5	601308.0	8719.0	0.44193826347001874	0.01450005654340205	True	True	False	True
SRR9178237	Free-living	25.0	45	34748775.0	15001001.0	240.6590570003048	0.431698700170006	True	True	True	True
SRR9178192	Free-living	175.0	300	5366076.0	35763.0	15.576219512195122	0.006664646568554005	True	True	False	True
KJ102	Free-living	150.0	150	1525800.0	27477.0	12.973087818696884	0.018008257963035783	True	True	False	True
SRR9178236	Free-living	45.0	45	24238026.0	9833870.0	219.5648387961061	0.4057207464007176	True	True	True	True
KJ27	Free-living	75.0	75	315561.0	22286.0	12.231613611416027	0.07062342938449301	True	True	False	True
SRR9178235	Free-living	250.0	300	12210102.0	291915.0	20.77095488828803	0.023907662687830126	True	True	True	True
SRR9178273	Free-living	100.0	150	12401203.0	4458708.0	132.09421105646737	0.3595383447880016	True	True	True	True
KJ11	Particle-bound	5.0	5	273736.0	23194.0	25.43201754385965	0.08473127392816436	True	True	False	True
SRR9178234	Free-living	175.0	300	8577533.0	347890.0	21.70784974416573	0.040558281734386796	True	True	True	True
KJ39	Free-living	150.0	150	286882.0	13539.0	19.45258620689655	0.04719361967638262	True	True	False	True
SRR9178500	Free-living	150.0	150	6983683.0	1411825.0	53.01235355962751	0.2021605218908132	True	True	True	True
SRR9178193	Free-living	45.0	45	14727242.0	5057181.0	82.54061597218822	0.343389549788073	True	True	True	True
SRR9178533	Free-living	125.0	150	12316005.0	2058405.0	43.57980649122435	0.1671325238987805	True	True	True	True
SRR9178233	Free-living	25.0	45	8866886.0	2706871.0	104.62145866347157	0.30527865137772153	True	True	True	True
KJ12	Particle-bound	5.0	5	241650.0	7084.0	6.938295788442703	0.02931512518104697	True	True	False	True
ERR1726744	Particle-bound	5.0	5	1157635.0	29728.0	0.21153750364683027	0.025679942296146886	False	True	False	False
SRR9178232	Free-living	125.0	150	6364443.0	468835.0	34.741385698406816	0.07366473389737327	True	True	True	True
SRR9178501	Free-living	250.0	300	7313517.0	27559.0	13.629574678536104	0.0037682280631876567	True	True	False	True
SRR9178499	Free-living	500.0	1000	14918064.0	58219.0	18.92070198245044	0.003902584142285487	True	True	True	True
SRR9178498	Free-living	200.0	300	12724643.0	958004.0	24.466339769128613	0.07528729882637965	True	True	True	True
KJ42	Free-living	150.0	150	1989014.0	139120.0	33.84914841849148	0.06994420350987977	True	True	True	True
SRR9178191	Free-living	75.0	75	20148573.0	7079496.0	152.496467344477	0.35136463510343885	True	True	True	True
SRR9178492	Free-living	175.0	300	9024255.0	115042.0	18.228806845190938	0.012748088346351029	True	True	True	True
SRR9178188	Free-living	500.0	1000	12274813.0	42571.0	16.119273002650512	0.0034681587409926325	True	True	False	True
SRR9178282	Free-living	45.0	45	9369668.0	3176962.0	122.57270728037346	0.3390687909112681	True	True	True	True
ERR599165	Free-living	5.0	5	23361675.0	3849705.0	8.71668161069449	0.16478719954797763	True	True	True	True
SRR9178281	Free-living	25.0	45	8498606.0	3197446.0	155.35156933242638	0.37623181966548397	True	True	True	True
ERR1726899	Particle-bound	5.0	5	424955.0	4417.0	0.22250768223263312	0.010394041722064689	False	True	False	False
SRR9178493	Free-living	125.0	150	14819102.0	4333817.0	98.44661760029076	0.2924480174304759	True	True	True	True
SRR9178280	Free-living	250.0	300	8483166.0	44183.0	17.098684210526315	0.005208314914502439	True	True	False	True
ERR599296	Particle-bound	70.0	75	615703.0	15832.0	0.21496266123557367	0.025713696376337292	False	True	False	False
KJ45	Particle-bound	300.0	300	381613.0	901.0	1.5481099656357389	0.002361030677676075	True	False	False	False
SRR9178535	Free-living	200.0	300	9411899.0	83727.0	16.82278481012658	0.008895866817100353	True	True	True	True
SRR9178189	Free-living	200.0	300	9871329.0	225714.0	16.810456542786923	0.022865614143749033	True	True	True	True
KJ10	Particle-bound	5.0	5	410946.0	36872.0	46.61441213653603	0.08972468402174495	True	True	False	True
ERR1726590	Particle-bound	70.0	75	2751308.0	77908.0	1.0008735868448098	0.028316713359609322	True	True	True	True
SRR9178278	Free-living	175.0	300	12949290.0	1716196.0	28.888297872340427	0.13253205388094638	True	True	True	True
SRR9178494	Free-living	5.0	5	10508154.0	3590082.0	193.3269789983845	0.3416472579294137	True	True	True	True
ERR599299	Particle-bound	60.0	45	1163892.0	25182.0	0.37603595800916867	0.02163602808508006	True	True	False	True
SRR9178277	Free-living	500.0	1000	20730423.0	56951.0	13.86681275870465	0.002747218423859465	True	False	True	False
ERR1726892	Particle-bound	5.0	5	472601.0	9501.0	0.3100949769901106	0.02010363922209221	True	True	False	True
SRR9178190	Free-living	200.0	300	10055036.0	767988.0	24.148287897368174	0.07637844359781507	True	True	True	True
SRR9178534	Free-living	500.0	1000	10358184.0	23869.0	10.183020477815699	0.002304361459499078	True	False	False	False
SRR9178495	Free-living	175.0	300	12624914.0	231125.0	19.873172828890798	0.018307055398555587	True	True	True	True
SRR9178276	Free-living	75.0	75	33657470.0	14052989.0	246.63886061286811	0.4175295707015411	True	True	True	True
ERR599314	Particle-bound	5.0	5	873446.0	50516.0	0.40011405579229176	0.05783528689810246	True	True	True	True
SRR9178275	Free-living	100.0	150	16214335.0	5492213.0	97.98599489750406	0.338725763344596	True	True	True	True
SRR9178274	Free-living	75.0	75	18150691.0	7002204.0	214.41663349358484	0.3857816763009188	True	True	True	True
SRR9178279	Free-living	5.0	5	8619190.0	2506899.0	77.59375386901077	0.29085088041915774	True	True	True	True
SRR9178231	Free-living	150.0	150	13581604.0	1729710.0	80.71065279268349	0.12735682766188736	True	True	True	True
SRR9178230	Free-living	150.0	150	9706953.0	420753.0	18.968217473627266	0.043345527685155164	True	True	True	True
KJ13	Particle-bound	5.0	5	159347.0	30939.0	93.18975903614458	0.1941611702761897	True	True	False	True
SRR9178531	Free-living	75.0	75	4918889.0	1831051.0	192.53953732912723	0.3722488960413622	True	True	True	True
SRR9178219	Free-living	5.0	5	16863002.0	6066513.0	173.2992344169571	0.3597528482769557	True	True	True	True
ERR1726641	Particle-bound	30.0	45	790131.0	8643.0	0.1374982102801508	0.010938692444670568	False	True	False	False
KJ19	Free-living	5.0	5	2519117.0	610480.0	146.679481018741	0.2423388830292519	True	True	True	True
SRR9178218	Free-living	100.0	150	32829833.0	13787218.0	213.10444070049616	0.4199600406130607	True	True	True	True
SRR9178507	Free-living	250.0	300	10514518.0	37091.0	12.624574540503744	0.003527598697343996	True	True	False	True
SRR9178217	Free-living	175.0	300	12669613.0	184766.0	18.346340979048755	0.014583397298717805	True	True	True	True
KJ20	Free-living	5.0	5	2128677.0	658346.0	129.72334975369458	0.309274727917857	True	True	True	True
SRR9178216	Free-living	75.0	75	12205227.0	4438035.0	81.59502491220974	0.3636175713897005	True	True	True	True
SRR9178208	Free-living	250.0	300	9358037.0	65052.0	16.381767816670862	0.00695145787519327	True	True	True	True
KJ30	Free-living	75.0	75	2417561.0	331931.0	18.84686577333636	0.1372999481709045	True	True	True	True
SRR9178209	Free-living	75.0	75	23996242.0	9769339.0	188.06358403757676	0.40711953980127386	True	True	True	True
SRR9178215	Free-living	175.0	300	3932953.0	65308.0	20.3009014609885	0.01660533446496818	True	True	True	True
KJ21	Particle-bound	75.0	75	456301.0	28657.0	9.187880731003526	0.06280284286030494	True	True	False	True
SRR9178214	Free-living	250.0	300	7802994.0	37358.0	12.07043618739903	0.004787649458656511	True	True	False	True
SRR9178528	Free-living	100.0	150	10998892.0	2689530.0	133.45556492829851	0.24452735784659035	True	True	True	True
ERR1726601	Particle-bound	5.0	5	806279.0	15733.0	0.31385652729013724	0.019513096583192665	True	True	False	True
ERR1726607	Particle-bound	150.0	150	675995.0	23423.0	2.292102945493688	0.03464966456852492	True	True	False	True
SRR9178213	Free-living	75.0	75	12623339.0	5273522.0	108.05511843291534	0.41775967515409357	True	True	True	True
KJ24	Particle-bound	75.0	75	189985.0	11854.0	13.767711962833914	0.06239439955785983	True	True	False	True
SRR9178529	Free-living	125.0	150	11776994.0	2329827.0	77.73085777199479	0.19782866493775916	True	True	True	True
SRR9178212	Free-living	500.0	1000	13273260.0	29419.0	10.506785714285714	0.0022164110399404517	True	False	False	False
SRR9178530	Free-living	75.0	75	18300468.0	5792007.0	108.93374083129585	0.31649502078307507	True	True	True	True
SRR9178210	Free-living	100.0	150	8853078.0	1698980.0	120.8120600156439	0.19190839615329267	True	True	True	True
SRR9178211	Free-living	45.0	45	19561637.0	7850972.0	70.14807005003574	0.40134534752894147	True	True	True	True
SRR9178220	Free-living	45.0	45	14240854.0	4659004.0	138.13460626185957	0.3271576269232168	True	True	True	True
SRR9178506	Free-living	500.0	1000	16227477.0	34303.0	9.44205890448665	0.0021138837540795774	True	False	False	False
KJ18	Free-living	5.0	5	4269233.0	546742.0	16.885176034589254	0.12806562677651934	True	True	True	True
SRR9178221	Free-living	225.0	300	12223173.0	119349.0	18.56127527216174	0.0097641586190427	True	True	True	True
SRR9178194	Free-living	5.0	5	15032818.0	4127108.0	86.01546445467997	0.27453987668845586	True	True	True	True
KJ36	Particle-bound	150.0	150	195637.0	5883.0	13.279909706546276	0.03007099883968779	True	True	False	True
SRR9178502	Free-living	45.0	45	15607178.0	6093441.0	155.48458790507783	0.39042554650174427	True	True	True	True
SRR9178229	Free-living	175.0	300	10309222.0	190556.0	19.36938402114251	0.018484033033724562	True	True	True	True
KJ14	Particle-bound	5.0	5	197044.0	17503.0	42.794621026894866	0.08882787600738921	True	True	False	True
SRR9178228	Free-living	250.0	300	12430872.0	129983.0	20.431153725243632	0.010456466770794518	True	True	True	True
ERR1726731	Particle-bound	5.0	5	673552.0	15576.0	1.312105130149103	0.023125163313300234	True	True	False	True
SRR9178503	Free-living	125.0	150	14821642.0	2975912.0	84.25571913929785	0.20078153284231262	True	True	True	True
SRR9178227	Free-living	200.0	300	14243305.0	220540.0	32.14868804664723	0.015483765881584365	True	True	True	True
SRR9178195	Free-living	175.0	300	11929151.0	79700.0	15.18673780487805	0.00668111251169509	True	True	True	True
KJ15	Free-living	5.0	5	288336.0	12071.0	7.497515527950311	0.04186435269962821	True	True	False	True
SRR9178226	Free-living	75.0	75	10949705.0	3751170.0	94.45222208233665	0.34258183211328525	True	True	True	True
ERR1726599	Particle-bound	5.0	5	1477500.0	99415.0	2.3831954932278556	0.06728595600676819	True	True	True	True
SRR9178532	Free-living	150.0	150	12997184.0	1013588.0	40.85071739480896	0.07798520048650538	True	True	True	True
SRR9178225	Free-living	125.0	150	20931032.0	6846937.0	135.38720265754455	0.3271189399548001	True	True	True	True
SRR9178504	Free-living	125.0	150	9189853.0	1516324.0	21.269501059039712	0.164999810116658	True	True	True	True
KJ16	Free-living	5.0	5	687332.0	163893.0	123.69283018867924	0.23844808622325164	True	True	True	True
SRR9178224	Free-living	5.0	5	6560940.0	2666085.0	276.2496114392291	0.4063571683325865	True	True	True	True
ERR1726680	Particle-bound	30.0	45	189176.0	2273.0	0.1537161019814702	0.012015266207129869	False	True	False	False
SRR9178284	Free-living	225.0	300	13735031.0	141993.0	29.76168518130371	0.01033801816683195	True	True	True	True
SRR9178223	Free-living	200.0	300	7141691.0	71860.0	23.794701986754966	0.010062042729095952	True	True	True	True
KJ17	Free-living	5.0	5	304717.0	25492.0	27.799345692475462	0.08365795147628784	True	True	False	True
KJ33	Particle-bound	150.0	150	446561.0	11371.0	9.57961246840775	0.02546348651136127	True	True	False	True
SRR9178222	Free-living	175.0	300	10973179.0	305391.0	24.111084793936524	0.02783067696243723	True	True	True	True
SRR9178505	Free-living	500.0	1000	6102750.0	15691.0	10.123225806451613	0.0025711359632952357	True	False	False	False
SRR9178197	Free-living	225.0	300	16872642.0	328193.0	20.893366437484083	0.019451192053977082	True	True	True	True
SRR9178196	Free-living	100.0	150	7674834.0	2381371.0	140.88451754126487	0.3102830627997948	True	True	True	True
SRR9178444	Free-living	500.0	1000	9222580.0	18000.0	8.325624421831638	0.0019517315111389655	True	False	False	False
ERR599150	Free-living	5.0	5	139537388.0	33316815.0	9.983577363040812	0.23876622228301994	True	True	True	True
SRR9178285	Free-living	5.0	5	13312258.0	4957713.0	83.46177673776536	0.37241713614624955	True	True	True	True
SRR9178461	Free-living	125.0	150	9751533.0	3467219.0	140.2256329369894	0.3555563007375353	True	True	True	True
SRR9178403	Free-living	175.0	300	8772628.0	287008.0	24.19762246016356	0.03271630804361019	True	True	True	True
ERR599025	Free-living	65.0	45	17336906.0	2164278.0	2.1791704508611853	0.12483646159239717	True	True	True	True
SRR9178402	Free-living	125.0	150	20844779.0	8077032.0	225.79832825473147	0.3874846550304035	True	True	True	True
SRR9178462	Free-living	75.0	75	11162648.0	4077148.0	197.00173946656358	0.3652491774353182	True	True	True	True
SRR9178375	Free-living	5.0	5	12858355.0	3581662.0	122.93331045134718	0.27854745027649336	True	True	True	True
ERR599026	Free-living	66.0	45	97030586.0	19264844.0	16.87191689823958	0.19854403435221962	True	True	True	True
ERR4691844	Particle-bound	5.0	5	1866424.0	36124.0	0.5961744755994917	0.01935465896280802	True	True	False	True
SRR9178374	Free-living	200.0	300	9641907.0	161602.0	20.72617673464153	0.016760377381777276	True	True	True	True
SRR9178373	Free-living	175.0	300	9282115.0	102068.0	16.224447623589253	0.01099620075812463	True	True	True	True
SRR9178463	Free-living	500.0	1000	7975481.0	23160.0	8.799392097264437	0.0029039000907907626	True	True	False	True
ERR599036	Free-living	5.0	5	27656128.0	3415121.0	2.3048604849551597	0.12348514585989767	True	True	True	True
SRR9178372	Free-living	250.0	300	15136546.0	155884.0	20.38765367512425	0.01029851856559614	True	True	True	True
SRR9178464	Free-living	150.0	150	11289659.0	439766.0	21.29204996610826	0.038952992291441224	True	True	True	True
SRR9178404	Free-living	25.0	45	16122148.0	5644906.0	175.66223743581764	0.3501336174311264	True	True	True	True
SRR9178371	Free-living	150.0	150	10221832.0	732265.0	25.118859769484082	0.07163735424334894	True	True	True	True
SRR9178370	Free-living	150.0	150	10699659.0	1348123.0	75.80964966541079	0.12599681915096547	True	True	True	True
ERR4691814	Particle-bound	45.0	45	1032358.0	20986.0	0.2396674394436006	0.02032821947425215	False	True	False	False
SRR9178369	Free-living	175.0	300	6492353.0	102213.0	18.476681127982648	0.01574359866137901	True	True	True	True
ERR599040	Free-living	150.0	150	7198658.0	914011.0	25.084005708326472	0.1269696379519627	True	True	True	True
SRR9178465	Free-living	100.0	150	23445816.0	9500995.0	162.2770205643233	0.40523200386798225	True	True	True	True
SRR9178368	Free-living	5.0	5	16761832.0	6798161.0	125.12490106937108	0.4055738656729169	True	True	True	True
SRR9178367	Free-living	45.0	45	10777369.0	3398467.0	138.20524603497356	0.31533364033466793	True	True	True	True
ERR599066	Free-living	5.0	5	25403486.0	1884736.0	3.028301310787404	0.07419202230748961	True	True	True	True
SRR9178366	Free-living	5.0	5	6997.0	2766.0	212.76923076923077	0.39531227669001	True	True	False	True
SRR9178476	Free-living	75.0	75	10591373.0	4010079.0	96.33129143845488	0.37861748424873715	True	True	True	True
ERR4691803	Particle-bound	100.0	150	732944.0	14541.0	0.41655207975249225	0.019839169158898905	True	True	False	True
SRR9178362	Free-living	75.0	75	13016802.0	4032433.0	103.82432606400782	0.30978676636550206	True	True	True	True
ERR599069	Free-living	5.0	5	28405652.0	3508119.0	2.3001585403274665	0.12350073851499695	True	True	True	True
SRR9178361	Free-living	150.0	150	10514886.0	1560497.0	22.403551841961697	0.14840836125089707	True	True	True	True
ERR599038	Free-living	5.0	5	83587357.0	13113969.0	20.192174089779478	0.15688938459915655	True	True	True	True
SRR9178477	Free-living	150.0	150	11953707.0	419374.0	28.934317648682214	0.035083175453438836	True	True	True	True
ERR599023	Free-living	65.0	45	51168330.0	6030870.0	1.5601240158473317	0.11786333460560468	True	True	True	True
SRR9178405	Free-living	25.0	45	3890175.0	1456073.0	151.94333715955338	0.37429498672938877	True	True	True	True
SRR9178443	Free-living	25.0	45	9934798.0	3037157.0	136.48916951285278	0.3057089837156226	True	True	True	True
ERR598972	Free-living	65.0	45	17975464.0	2254004.0	2.2236818739665916	0.12539336953972371	True	True	True	True
ERR598970	Free-living	5.0	5	25992379.0	6317184.0	13.961769249640302	0.2430398541049282	True	True	True	True
SRR9178442	Free-living	125.0	150	10348885.0	1520021.0	63.895960317793936	0.14687775542969123	True	True	True	True
SRR9178445	Free-living	250.0	300	10016781.0	28018.0	10.641093809342955	0.0027971061761258432	True	False	False	False
SRR9178441	Free-living	150.0	150	27377633.0	4321618.0	82.23038721339549	0.15785214156388172	True	True	True	True
ERR598976	Free-living	5.0	5	108923163.0	8906040.0	9.324690635460259	0.0817644269107389	True	True	True	True
SRR9178440	Free-living	500.0	1000	16903633.0	43039.0	11.843423225096313	0.002546139045967219	True	False	False	False
SRR9178456	Free-living	225.0	300	11329052.0	30054.0	10.530483531885073	0.002652825673322004	True	False	False	False
SRR9178439	Free-living	200.0	300	17731391.0	126301.0	15.30550169655841	0.0071230170266957625	True	True	True	True
ERR598979	Free-living	5.0	5	21720697.0	736357.0	1.3722693711120801	0.03390116808866677	True	True	True	True
SRR9178438	Free-living	5.0	5	4594650.0	1785649.0	144.8214922952149	0.38863656644140465	True	True	True	True
ERR598957	Free-living	155.0	150	101715663.0	28002879.0	246.3567494809445	0.27530547581447706	True	True	True	True
SRR9178437	Free-living	125.0	150	18189739.0	5489479.0	119.68253864434125	0.3017898717513209	True	True	True	True
ERR588857	Free-living	5.0	5	61782874.0	3726155.0	0.35614037502334506	0.060310483452097094	True	True	True	True
ERR599002	Free-living	75.0	75	97633204.0	20762547.0	49.539139709005184	0.21265866681994786	True	True	True	True
SRR9178436	Free-living	25.0	45	10617775.0	3624864.0	84.0957683741648	0.34139581974566235	True	True	True	True
SRR9178411	Free-living	45.0	45	11109267.0	3633324.0	80.29445303867404	0.32705344105961265	True	True	True	True
SRR9178458	Free-living	200.0	300	9506550.0	338103.0	21.844101305078176	0.035565268157217916	True	True	True	True
ERR599010	Free-living	5.0	5	7579353.0	1578586.0	20.458340353287284	0.20827450575266782	True	True	True	True
SRR9178410	Free-living	100.0	150	9593887.0	4323332.0	94.70191886445282	0.45063403394265533	True	True	True	True
ERR598942	Free-living	45.0	45	75158908.0	4693005.0	2.9286856749168604	0.06244110145932402	True	True	True	True
SRR9178409	Free-living	200.0	300	11743640.0	140800.0	29.931972789115648	0.011989468342013209	True	True	True	True
ERR599012	Free-living	5.0	5	83112129.0	14810947.0	9.035312942853013	0.17820439902339646	True	True	True	True
SRR9178408	Free-living	175.0	300	11256552.0	82075.0	16.10260937806553	0.0072913090971373825	True	True	True	True
SRR9178459	Free-living	175.0	300	13597671.0	796081.0	22.42165892127869	0.058545393545703525	True	True	True	True
SRR9178407	Free-living	5.0	5	10052358.0	3356333.0	128.37379996175176	0.33388514416219556	True	True	True	True
ERR599016	Free-living	75.0	75	21416181.0	4523383.0	45.356291988368596	0.2112133344409071	True	True	True	True
SRR9178406	Free-living	150.0	150	20038154.0	3038567.0	71.47046924614841	0.15163906814969083	True	True	True	True
SRR9178460	Free-living	225.0	300	7522080.0	46820.0	19.387163561076605	0.006224342203220386	True	True	False	True
SRR9178457	Free-living	250.0	300	14870311.0	66340.0	14.934714092751014	0.004461238235030861	True	True	True	True
SRR9178360	Free-living	150.0	150	5399932.0	190297.0	28.12132407270578	0.03524062895606834	True	True	True	True
ERR599075	Free-living	5.0	5	105020876.0	21158873.0	98.33012519634542	0.20147301951661498	True	True	True	True
SRR9178359	Free-living	75.0	75	6745417.0	2494639.0	148.8181709717831	0.36982724715165866	True	True	True	True
SRR9178485	Free-living	100.0	150	9369910.0	2072354.0	124.24929552131422	0.22117117453636162	True	True	True	True
SRR9178319	Free-living	75.0	75	8638770.0	3015792.0	90.85626487512427	0.3490996982209273	True	True	True	True
ERR599139	Free-living	5.0	5	114379287.0	36792345.0	49.56639911408571	0.32166964810682896	True	True	True	True
SRR9178318	Free-living	5.0	5	14350784.0	5359554.0	179.18337735281335	0.3734676795358358	True	True	True	True
SRR9178486	Free-living	200.0	300	1226166.0	8025.0	16.649377593360995	0.006544790835824839	True	True	False	True
SRR9178317	Free-living	500.0	1000	14511704.0	34140.0	10.998711340206185	0.0023525838178617754	True	False	False	False
ERR599141	Free-living	5.0	5	20375969.0	3954109.0	89.38061439001785	0.19405747034656365	True	True	True	True
SRR9178316	Free-living	45.0	45	9018705.0	3254523.0	133.63951053258324	0.3608636716690478	True	True	True	True
ERR1726950	Particle-bound	150.0	150	33723.0	1109.0	2.1326923076923077	0.03288556771343	True	True	False	True
SRR9178487	Free-living	45.0	45	9470957.0	3586086.0	113.2043058273881	0.378640300024591	True	True	True	True
SRR9178315	Free-living	225.0	300	15073635.0	107766.0	17.03271692745377	0.007149304066338345	True	True	True	True
ERR599146	Free-living	5.0	5	53725668.0	1839895.0	1.4930019653571318	0.034246107465802006	True	True	True	True
SRR9178314	Free-living	45.0	45	15024824.0	5087735.0	114.11315464842436	0.33862193660305107	True	True	True	True
SRR9178293	Free-living	200.0	300	11076094.0	136002.0	20.485314053321282	0.012278877373196724	True	True	True	True
SRR9178330	Free-living	25.0	45	12965194.0	4720278.0	108.0996198415243	0.3640730713323688	True	True	True	True
ERR599148	Free-living	150.0	150	48465352.0	6298296.0	26.509207076085172	0.12995461169868322	True	True	True	True
SRR9178292	Free-living	25.0	45	19277242.0	7683777.0	148.74033566271123	0.3985931701225725	True	True	True	True
ERR1726937	Particle-bound	5.0	5	68592.0	1647.0	1.1722419928825623	0.024011546536039187	True	True	False	True
SRR9178291	Free-living	225.0	300	7863875.0	37003.0	16.09525880817747	0.004705441019853444	True	True	False	True
SRR9178489	Free-living	225.0	300	15934212.0	219764.0	23.319609507640067	0.013791959087779176	True	True	True	True
SRR9178290	Free-living	25.0	45	12322623.0	4340142.0	98.00036127983381	0.352209265835691	True	True	True	True
SRR9178289	Free-living	150.0	150	11295951.0	857787.0	24.950900258878967	0.0759375638226476	True	True	True	True
ERR599151	Free-living	5.0	5	27478922.0	3391279.0	2.2972440758197528	0.12341382969826836	True	True	True	True
SRR9178288	Free-living	500.0	1000	12442381.0	28396.0	8.980392156862745	0.002282199845833366	True	False	False	False
SRR9178490	Free-living	45.0	45	9285109.0	3450647.0	192.0119637193256	0.37163236317419646	True	True	True	True
ERR1726903	Particle-bound	5.0	5	952102.0	34372.0	0.5888439662852052	0.03610117403387452	True	True	False	True
SRR9178287	Free-living	100.0	150	18095374.0	8104271.0	188.783130284889	0.44786424419854487	True	True	True	True
ERR599160	Free-living	5.0	5	68475060.0	857613.0	0.24729717455149952	0.012524457809894581	True	True	True	True
SRR9178286	Free-living	45.0	45	9943029.0	3658592.0	47.456863787892544	0.3679554791603243	True	True	True	True
SRR9178491	Free-living	200.0	300	10574968.0	130854.0	20.256037151702785	0.012373938152815215	True	True	True	True
SRR9178488	Free-living	100.0	150	13405775.0	6186392.0	128.94495278987847	0.4614721640487029	True	True	True	True
ERR599135	Free-living	5.0	5	9224698.0	1512226.0	8.35276312518987	0.1639323043421042	True	True	True	True
SRR9178331	Free-living	225.0	300	10207075.0	57230.0	15.923761825264329	0.0056068952172880085	True	True	True	True
ERR1726979	Particle-bound	5.0	5	1131327.0	24848.0	0.5127316247781767	0.021963587892801992	True	True	False	True
SRR9178478	Free-living	175.0	300	19764732.0	1346573.0	31.460515863744686	0.06813009151856954	True	True	True	True
SRR9178358	Free-living	75.0	75	15805343.0	6673150.0	117.94810612086184	0.42220848987586035	True	True	True	True
ERR4691759	Particle-bound	5.0	5	2270160.0	69244.0	0.31750340457336224	0.030501814850054623	True	True	True	True
ERR599080	Free-living	5.0	5	27520113.0	3394455.0	2.2872637911470366	0.12334451533683746	True	True	True	True
SRR9178357	Free-living	75.0	75	3151561.0	1158026.0	151.17832898172324	0.3674452120710975	True	True	True	True
SRR9178479	Free-living	150.0	150	11149290.0	254405.0	24.38230783975465	0.0228180449158646	True	True	True	True
SRR9178356	Free-living	100.0	150	12708008.0	2296268.0	108.70936893433698	0.18069456676451573	True	True	True	True
ERR599088	Free-living	5.0	5	25940153.0	6324681.0	15.043899480275442	0.2438181841101708	True	True	True	True
SRR9178355	Free-living	250.0	300	11330071.0	56037.0	13.843132411067193	0.004945864858216687	True	True	True	True
SRR9178480	Free-living	250.0	300	13497512.0	62978.0	16.256582343830665	0.00466589694456282	True	True	True	True
SRR9178354	Free-living	200.0	300	10753673.0	98172.0	20.220803295571574	0.009129159869376723	True	True	True	True
ERR599091	Free-living	5.0	5	25345725.0	1880221.0	3.0079397074962486	0.07418296379369696	True	True	True	True
SRR9178353	Free-living	5.0	5	26669799.0	10390581.0	194.81365306734662	0.38960102398971963	True	True	True	True
ERR4691756	Particle-bound	5.0	5	4958045.0	44915.0	0.5538702477402488	0.009059014188051944	True	True	False	True
SRR9178339	Free-living	150.0	150	7471864.0	378470.0	17.64182165664476	0.0506526885392989	True	True	True	True
SRR9178481	Free-living	500.0	1000	13099745.0	34062.0	11.124101894186806	0.0026002032863998497	True	False	False	False
ERR599098	Free-living	5.0	5	18948773.0	6058884.0	47.27999438154024	0.3197507300340766	True	True	True	True
SRR9178484	Free-living	150.0	150	14792222.0	2492634.0	42.30611517507086	0.16850977493442162	True	True	True	True
SRR9178332	Free-living	125.0	150	13856290.0	1017775.0	34.71265347885402	0.07345220113031699	True	True	True	True
ERR599126	Free-living	5.0	5	61931793.0	13027845.0	21.962162526656495	0.2103579497528838	True	True	True	True
SRR9178333	Free-living	45.0	45	15190703.0	6036844.0	62.890342744035834	0.3974038594527192	True	True	True	True
SRR9178334	Free-living	45.0	45	13603568.0	4920034.0	105.3134551992808	0.3616723200854364	True	True	True	True
SRR9178483	Free-living	75.0	75	13312547.0	6337465.0	149.3417145819587	0.47605202821067977	True	True	True	True
ERR599162	Free-living	5.0	5	107374704.0	10643684.0	1.8144686520947984	0.0991265503279059	True	True	True	True
ERR599119	Free-living	5.0	5	26067041.0	1934984.0	3.021788288794773	0.07423105675860947	True	True	True	True
ERR4691753	Particle-bound	5.0	5	9242394.0	198047.0	2.179885968388148	0.02142810618114744	True	True	True	True
SRR9178482	Free-living	75.0	75	15788768.0	5530135.0	111.16072684878088	0.35025753751020977	True	True	True	True
SRR9178336	Free-living	500.0	1000	19398435.0	51684.0	13.512156862745098	0.0026643386438132766	True	False	True	False
ERR599114	Free-living	5.0	5	25521026.0	1895747.0	3.0271505857104533	0.07428177064668168	True	True	True	True
SRR9178337	Free-living	5.0	5	20227049.0	7707666.0	142.9145219906549	0.3810573653131507	True	True	True	True
SRR9178338	Free-living	5.0	5	14103013.0	4766316.0	129.66391904023504	0.3379643768320996	True	True	True	True
SRR9178335	Free-living	5.0	5	13374707.0	5371451.0	113.42225178428143	0.4016126110276659	True	True	True	True
SRR9178161	Free-living	225.0	300	13483431.0	263942.0	20.356470769705382	0.019575284658630284	True	True	True	True
SRR17827589	Free-living	1000.0	1000	13262209.0	76217.0	19.633436373003608	0.005746930997694275	True	True	True	True
SRR9178160	Free-living	200.0	300	7647502.0	87074.0	26.450182260024302	0.011385940140976753	True	True	True	True
SRR23969141	Free-living	25.0	45	8745775.0	3050691.0	26.69044348594476	0.34881882966346606	True	True	True	True
SRR23969142	Free-living	75.0	75	9501085.0	3223100.0	120.48521550596239	0.3392349400094831	True	True	True	True
SRR17827547	Free-living	250.0	300	6571985.0	29161.0	14.128391472868216	0.0044371677659033005	True	True	False	True
SRR23969143	Free-living	25.0	45	7825635.0	3229171.0	75.58213182286303	0.4126401244116292	True	True	True	True
SRR23969144	Free-living	75.0	75	13127035.0	5695148.0	74.42497582394606	0.433848770876287	True	True	True	True
SRR17827545	Free-living	500.0	1000	11971530.0	38232.0	11.446706586826346	0.0031935767608651526	True	True	False	True
SRR23969145	Free-living	100.0	150	10390864.0	4558870.0	102.12751181702099	0.43873829933680203	True	True	True	True
SRR17827548	Free-living	1000.0	1000	11420211.0	30215.0	8.785984297760978	0.0026457479638511056	True	False	False	False
SRR23969146	Free-living	45.0	45	9220623.0	2432626.0	57.138770141400855	0.26382447259800124	True	True	True	True
SRR23969147	Free-living	25.0	45	5308361.0	1604834.0	54.204546222177186	0.30232194080244357	True	True	True	True
SRR23969148	Free-living	45.0	45	8939249.0	3107845.0	118.03437143942271	0.3476628741407695	True	True	True	True
SRR15713234	Particle-bound	150.0	150	6060729.0	294341.0	52.91047995685781	0.04856527985329818	True	True	True	True
SRR23969149	Free-living	45.0	45	12156680.0	4172483.0	146.24384003364761	0.343225535261272	True	True	True	True
SRR23969150	Free-living	25.0	45	6958527.0	2145132.0	158.40584847142225	0.3082738631322405	True	True	True	True
SRR15713233	Particle-bound	150.0	150	7039255.0	374166.0	64.33390646492434	0.05315420452874629	True	True	True	True
SRR23969151	Free-living	125.0	150	7013653.0	950548.0	44.484649943841255	0.13552823329012711	True	True	True	True
SRR15713235	Particle-bound	150.0	150	2731284.0	184311.0	38.34220927813605	0.06748144828586115	True	True	True	True
SRR23969140	Free-living	125.0	150	17416292.0	2351648.0	22.06959720710237	0.13502575634354316	True	True	True	True
SRR23969139	Free-living	5.0	5	9739852.0	3470562.0	137.20890329722465	0.35632594827929626	True	True	True	True
SRR17827549	Free-living	175.0	300	6633008.0	76353.0	17.600968188105117	0.011511067075450535	True	True	True	True
SRR17827661	Free-living	225.0	300	5456565.0	30784.0	15.827249357326478	0.005641644514451857	True	True	False	True
SRR17827663	Free-living	770.0	1000	6116090.0	23780.0	12.874932322685435	0.00388810498210458	True	True	False	True
SRR17827554	Free-living	1000.0	1000	12257622.0	27002.0	7.8860981308411215	0.002202874260602913	True	False	False	False
SRR17827664	Free-living	500.0	1000	7882804.0	27178.0	11.239867659222497	0.0034477579297924952	True	True	False	True
SRR17827665	Free-living	770.0	1000	13008642.0	28756.0	7.461338868707836	0.002210530507335047	True	False	False	False
SRR17827553	Free-living	250.0	300	4804683.0	23371.0	14.011390887290167	0.004864212685831718	True	True	False	True
SRR17827666	Free-living	200.0	300	6443851.0	90853.0	18.499898187741803	0.014099177650134988	True	True	True	True
SRR17827667	Free-living	225.0	300	8676461.0	87055.0	17.87210018476699	0.010033468714951869	True	True	True	True
SRR17827552	Free-living	770.0	1000	10910183.0	24115.0	7.08223201174743	0.0022103203951757727	True	False	False	False
SRR17827668	Free-living	150.0	150	12694235.0	975069.0	18.245710222488352	0.07681195440292385	True	True	True	True
SRR17827669	Free-living	1000.0	1000	12702185.0	25016.0	7.295421405657626	0.0019694249453932533	True	False	False	False
SRR17827551	Free-living	500.0	1000	6350012.0	15212.0	9.06015485407981	0.002395586024089403	True	False	False	False
SRR17827670	Free-living	1000.0	1000	11069860.0	21065.0	7.710468521229868	0.0019029147613429619	True	False	False	False
SRR17827671	Free-living	200.0	300	5497560.0	38723.0	15.421346077260056	0.007043670282816376	True	True	False	True
SRR17827550	Free-living	150.0	150	6557343.0	246405.0	19.6761957997285	0.03757695761835243	True	True	True	True
SRR17827672	Free-living	500.0	1000	6441095.0	19704.0	12.903732809430256	0.0030591071859676034	True	True	False	True
SRR23969138	Free-living	770.0	1000	4521936.0	19325.0	10.123101100052384	0.004273612010430931	True	True	False	True
SRR23969152	Free-living	100.0	150	17755618.0	7564559.0	207.2141291842437	0.426037494161003	True	True	True	True
SRR15713232	Particle-bound	150.0	150	5222365.0	280737.0	53.688468158347675	0.05375667920568555	True	True	True	True
SRR23969153	Free-living	100.0	150	7757116.0	2478515.0	114.38596086394683	0.3195150104755427	True	True	True	True
SRR23969154	Free-living	1000.0	1000	4300130.0	17428.0	13.173091458805745	0.004052900726257113	True	True	False	True
KJ_58_59	Particle-bound	1000.0	1000	148864.0	17473.0	5.919037940379404	0.11737559114359415	True	True	False	True
SRR23969169	Free-living	25.0	45	12764832.0	4374087.0	216.78579570798433	0.3426670245248821	True	True	True	True
SRR23969170	Free-living	200.0	300	4823263.0	32522.0	17.21651667548968	0.006742738266604993	True	True	False	True
KJ_55_56	Free-living	300.0	300	2263011.0	4054.0	8.358762886597939	0.0017914186011468792	True	False	False	False
SRR23969171	Free-living	45.0	45	9122892.0	2788059.0	128.78465518037785	0.30561131272846376	True	True	True	True
SRR23969172	Free-living	100.0	150	6140292.0	1429303.0	92.85408952121094	0.23277443483143798	True	True	True	True
KJ_52_53	Free-living	300.0	300	245391.0	1526.0	9.029585798816568	0.006218646975642953	True	True	False	True
SRR23969173	Free-living	100.0	150	10369994.0	4077856.0	107.60934160179443	0.39323610023303773	True	True	True	True
SRR23969174	Free-living	100.0	150	6082034.0	1318211.0	40.26670128600666	0.21673851214906065	True	True	True	True
KJ_49_50	Particle-bound	300.0	300	109243.0	827.0	4.780346820809249	0.007570279102551193	True	True	False	True
SRR23969175	Free-living	200.0	300	2637337.0	19858.0	12.334161490683229	0.007529564860311746	True	True	False	True
SRR23969176	Free-living	45.0	45	9290624.0	4147779.0	71.4432195945364	0.446447838164584	True	True	True	True
KJ_46_47	Particle-bound	300.0	300	107746.0	1432.0	10.302158273381295	0.01329051658530247	True	True	False	True
SRR23969177	Free-living	100.0	150	16147109.0	3194651.0	75.15588020796575	0.19784662381358792	True	True	True	True
SRR23969178	Free-living	45.0	45	9395882.0	3537106.0	29.52287390763632	0.37645279070128806	True	True	True	True
KJ_43_44	Free-living	150.0	150	3775802.0	285274.0	62.76655665566557	0.07555322021652619	True	True	True	True
SRR23969179	Free-living	125.0	150	10025994.0	4101851.0	130.20095860843068	0.40912162923696144	True	True	True	True
SRR23969168	Free-living	45.0	45	12529764.0	4513684.0	145.14386777284713	0.360236952587455	True	True	True	True
SRR17827555	Free-living	175.0	300	12604595.0	132576.0	17.210956770089574	0.010518069005787176	True	True	True	True
SRR23969167	Free-living	5.0	5	9718453.0	3065508.0	162.63504695209295	0.3154316844460739	True	True	True	True
SRR23969166	Free-living	25.0	45	13684409.0	4507569.0	152.02080874169505	0.32939449558983513	True	True	True	True
SRR15713231	Particle-bound	150.0	150	9321250.0	137406.0	20.31731480112376	0.014741155960842162	True	True	True	True
SRR23969155	Free-living	45.0	45	13455642.0	4827452.0	122.70791286444168	0.3587678685268232	True	True	True	True
SRR23969156	Free-living	5.0	5	5822326.0	1948581.0	84.7688258580937	0.3346739773760521	True	True	True	True
SRR15713229	Particle-bound	150.0	150	6573306.0	297112.0	47.65992941931344	0.04519978227089991	True	True	True	True
SRR23969157	Free-living	125.0	150	5917499.0	629912.0	19.166068277247003	0.10644902517093792	True	True	True	True
SRR23969158	Free-living	75.0	75	12086866.0	4044723.0	128.30614769699278	0.3346378622878751	True	True	True	True
KJ_97_98	Particle-bound	150.0	150	203458.0	4065.0	11.2292817679558	0.01997955351964533	True	True	False	True
SRR23969159	Free-living	25.0	45	13109895.0	3646604.0	133.37005339770317	0.27815661376387835	True	True	True	True
SRR23969160	Free-living	125.0	150	5934601.0	776264.0	20.50787276762126	0.13080306494067587	True	True	True	True
KJ_94_95	Particle-bound	150.0	150	318418.0	7649.0	15.390342052313883	0.02402188318499582	True	True	False	True
SRR23969161	Free-living	45.0	45	15397991.0	4955217.0	176.65027984742076	0.32180931915079053	True	True	True	True
SRR23969162	Free-living	125.0	150	7887190.0	1696112.0	41.76792750197006	0.21504642337765414	True	True	True	True
KJ_70_71	Particle-bound	5.0	5	4238603.0	1003428.0	221.50728476821192	0.23673554706586108	True	True	True	True
SRR23969163	Free-living	25.0	45	8656329.0	2463834.0	99.23210761609408	0.28462804498304073	True	True	True	True
SRR23969164	Free-living	125.0	150	6731433.0	1151850.0	37.73217152029351	0.1711151251152615	True	True	True	True
KJ_67_68	Free-living	1000.0	1000	1847802.0	4216.0	9.047210300429185	0.0022816297417147507	True	False	False	False
SRR23969165	Free-living	500.0	1000	7802741.0	18479.0	9.309319899244333	0.002368270329618784	True	False	False	False
KJ_64_65	Free-living	1000.0	1000	205248.0	1471.0	6.154811715481172	0.00716693950732772	True	True	False	True
SRR23969180	Free-living	25.0	45	7830169.0	2627061.0	104.5554803788904	0.3355050191126143	True	True	True	True
SRR17827659	Free-living	770.0	1000	11237502.0	21686.0	7.5508356545961	0.0019297883106049725	True	False	False	False
SRR17827557	Free-living	1000.0	1000	10271394.0	24256.0	6.8461755574372	0.0023615100345678493	True	False	False	False
SRR17827608	Free-living	150.0	150	5572234.0	190566.0	18.61359640554796	0.034199209868070866	True	True	True	True
SRR17827578	Free-living	175.0	300	11666925.0	177676.0	19.626201259251076	0.015229034214242399	True	True	True	True
SRR17827610	Free-living	200.0	300	8285909.0	304496.0	44.6475073313783	0.03674865364801858	True	True	True	True
SRR17827611	Free-living	150.0	150	3418536.0	205344.0	18.790629575402637	0.06006781850476344	True	True	True	True
SRR17827577	Free-living	770.0	1000	11011740.0	31404.0	10.153249272550921	0.0028518653727748746	True	True	False	True
SRR17827612	Free-living	500.0	1000	10688929.0	29042.0	9.64530056459648	0.0027170168311530557	True	False	False	False
SRR17827613	Free-living	200.0	300	11112237.0	60332.0	15.707367872949753	0.005429329846006704	True	True	True	True
SRR17827607	Free-living	770.0	1000	6429531.0	13717.0	7.599445983379502	0.002133437104510422	True	False	False	False
SRR17827576	Free-living	770.0	1000	13684922.0	25598.0	6.366078090027356	0.0018705258239688908	True	False	False	False
SRR17827615	Free-living	770.0	1000	12580754.0	22205.0	7.042499207104345	0.0017649975510211867	True	False	False	False
SRR17827575	Free-living	200.0	300	6712382.0	204062.0	20.987555281291783	0.03040083237217429	True	True	True	True
SRR17827616	Free-living	150.0	150	7161241.0	970893.0	55.30263157894737	0.13557608241364869	True	True	True	True
SRR17827617	Free-living	1000.0	1000	7013116.0	26022.0	11.09680170575693	0.0037104761991673886	True	True	False	True
SRR17827574	Free-living	175.0	300	6918875.0	92900.0	16.06154910096819	0.013427038355223934	True	True	True	True
SRR17827618	Free-living	1000.0	1000	10304174.0	21376.0	7.609825560697757	0.002074499130158322	True	False	False	False
SRR17827619	Free-living	500.0	1000	7473089.0	17942.0	9.196309584828294	0.0024008813490646237	True	False	False	False
SRR17827614	Free-living	1000.0	1000	10474535.0	23084.0	7.247723704866562	0.0022038209810745775	True	False	False	False
SRR17827579	Free-living	770.0	1000	6929777.0	13226.0	7.351862145636464	0.0019085751244231957	True	False	False	False
SRR17827606	Free-living	770.0	1000	12606779.0	47304.0	10.03904923599321	0.00375226693511483	True	True	False	True
SRR17827603	Free-living	150.0	150	13062171.0	940795.0	25.503402098186452	0.07202439778196136	True	True	True	True
SRR17827590	Free-living	1000.0	1000	13364590.0	41238.0	9.059314586994727	0.003085616543418092	True	True	False	True
SRR17827587	Free-living	200.0	300	7891242.0	166619.0	16.02876382876383	0.021114420264896197	True	True	True	True
SRR17827591	Free-living	1000.0	1000	5557567.0	14943.0	9.034461910519951	0.0026887665051991277	True	False	False	False
SRR17827592	Free-living	770.0	1000	15390136.0	34252.0	7.483504478916321	0.0022255813723803352	True	False	False	False
SRR17827585	Free-living	770.0	1000	5801863.0	11970.0	7.808219178082192	0.002063130411731542	True	False	False	False
SRR17827593	Free-living	770.0	1000	13715469.0	29352.0	8.006546644844518	0.002140065352486306	True	False	False	False
SRR17827594	Free-living	500.0	1000	7205204.0	19749.0	10.65210355987055	0.0027409355793395996	True	False	False	False
SRR17827584	Free-living	1000.0	1000	6202563.0	17025.0	8.48703888334995	0.00274483306336429	True	False	False	False
SRR17827596	Free-living	1000.0	1000	10351839.0	20988.0	6.9936687770743085	0.0020274658444745905	True	False	False	False
SRR17827597	Free-living	1000.0	1000	11070105.0	30540.0	9.162916291629163	0.0027587814207724317	True	False	False	False
SRR17827583	Free-living	770.0	1000	10880278.0	24641.0	8.321850726106046	0.0022647399266820206	True	False	False	False
SRR17827598	Free-living	200.0	300	10041439.0	275944.0	20.24831229820957	0.027480523458838918	True	True	True	True
SRR17827599	Free-living	770.0	1000	13232380.0	23250.0	6.158940397350993	0.0017570535308085167	True	False	False	False
SRR17827581	Free-living	500.0	1000	7920413.0	20626.0	9.831267874165873	0.002604157131705127	True	False	False	False
SRR17827600	Free-living	150.0	150	11290133.0	951032.0	26.611970786579736	0.08423567729450131	True	True	True	True
SRR17827601	Free-living	770.0	1000	7414077.0	22387.0	10.245766590389016	0.0030195262336768286	True	True	False	True
SRR17827580	Free-living	770.0	1000	9863007.0	18815.0	6.958210059171598	0.0019076332400453533	True	False	False	False
SRR17827573	Free-living	225.0	300	4544563.0	21996.0	14.136246786632391	0.004840069331198621	True	True	False	True
SRR17827620	Free-living	770.0	1000	7100034.0	19931.0	9.348499061913696	0.002807169655807282	True	True	False	True
SRR17827621	Free-living	1000.0	1000	9949760.0	23984.0	7.774392220421394	0.002410510404271058	True	False	False	False
SRR17827572	Free-living	770.0	1000	9404855.0	15609.0	6.283816425120773	0.0016596747105617259	True	False	False	False
SRR17827641	Free-living	250.0	300	9249384.0	64123.0	16.420742637644047	0.006932677895090095	True	True	True	True
SRR17827644	Free-living	500.0	1000	6687544.0	15577.0	9.527217125382263	0.002329255702840983	True	False	False	False
SRR17827563	Free-living	770.0	1000	13896514.0	30149.0	7.8187240663900415	0.0021695369068818267	True	False	False	False
SRR17827645	Free-living	200.0	300	4841264.0	56803.0	17.239150227617603	0.011733092845174318	True	True	True	True
SRR17827646	Free-living	250.0	300	5625493.0	23579.0	13.404775440591244	0.00419145486448921	True	True	False	True
SRR17827562	Free-living	1000.0	1000	11630454.0	26229.0	7.916993661334138	0.002255200011968578	True	False	False	False
SRR17827647	Free-living	150.0	150	6249195.0	513482.0	21.857738804699473	0.08216770320017218	True	True	True	True
SRR17827649	Free-living	770.0	1000	10966344.0	21660.0	7.691761363636363	0.0019751341012100294	True	False	False	False
SRR17827561	Free-living	150.0	150	7082734.0	399862.0	25.455946014769545	0.05645588271421742	True	True	True	True
SRR17827650	Free-living	1000.0	1000	12206840.0	29315.0	8.16801337419894	0.0024015224251321392	True	False	False	False
SRR17827651	Free-living	1000.0	1000	8982675.0	21354.0	8.000749344323717	0.00237724285917057	True	False	False	False
SRR17827560	Free-living	1000.0	1000	7708146.0	14598.0	7.19467718087728	0.0018938406200401498	True	False	False	False
SRR17827653	Free-living	770.0	1000	16089462.0	39425.0	8.689662772757329	0.0024503616093564844	True	False	False	False
SRR17827654	Free-living	1000.0	1000	13372687.0	42871.0	10.423292000972527	0.0032058628157527356	True	True	False	True
SRR17827559	Free-living	1000.0	1000	5504020.0	10312.0	7.166087560806115	0.001873539703707472	True	False	False	False
SRR17827655	Free-living	770.0	1000	12642790.0	27232.0	8.009411764705883	0.002153954941907601	True	False	False	False
SRR17827656	Free-living	770.0	1000	10844243.0	23558.0	7.836992681304059	0.0021723969114303323	True	False	False	False
SRR17827564	Free-living	225.0	300	10767166.0	252318.0	22.84247691472026	0.02343402154290182	True	True	True	True
SRR17827657	Free-living	200.0	300	7874250.0	262032.0	17.19821475452875	0.03327707400704829	True	True	True	True
SRR17827638	Free-living	200.0	300	10025887.0	173248.0	22.27410645410131	0.01728006709032328	True	True	True	True
SRR17827565	Free-living	250.0	300	10270377.0	69048.0	16.30413223140496	0.006723024870459965	True	True	True	True
SRR17827622	Free-living	1000.0	1000	6183692.0	15633.0	7.62213554363725	0.002528101334930653	True	False	False	False
SRR17827623	Free-living	1000.0	1000	14032428.0	27908.0	7.148565573770492	0.001988821891692585	True	False	False	False
SRR17827571	Free-living	770.0	1000	13354922.0	44066.0	10.086060883497368	0.003299607440612532	True	True	False	True
SRR17827624	Free-living	175.0	300	10356282.0	238503.0	19.699595275460478	0.023029790034686193	True	True	True	True
SRR17827625	Free-living	150.0	150	7238953.0	1224768.0	63.82324127149557	0.16919131813675264	True	True	True	True
SRR17827570	Free-living	770.0	1000	15708487.0	30131.0	6.971540953262378	0.0019181350820101262	True	False	False	False
SRR17827626	Free-living	770.0	1000	11649020.0	31289.0	9.053530092592593	0.0026859770178092233	True	False	False	False
SRR17827628	Free-living	200.0	300	7579615.0	232889.0	20.701244444444445	0.030725703086502416	True	True	True	True
SRR17827569	Free-living	200.0	300	5317074.0	30989.0	15.698581560283689	0.0058282055130321675	True	True	False	True
SRR17827629	Free-living	770.0	1000	6255092.0	20756.0	10.682449819866186	0.003318256550023565	True	True	False	True
SRR17827630	Free-living	500.0	1000	7874159.0	19496.0	10.044307058217413	0.002475946955097046	True	False	False	False
SRR17827568	Free-living	1000.0	1000	7356875.0	16479.0	8.276745354093421	0.0022399456290884377	True	False	False	False
SRR17827631	Free-living	500.0	1000	9826703.0	21705.0	8.187476423990947	0.00220877745058541	True	False	False	False
SRR17827632	Free-living	150.0	150	6826816.0	429593.0	23.906121313299945	0.06292728557500304	True	True	True	True
SRR17827566	Free-living	770.0	1000	12568244.0	28369.0	6.551732101616628	0.0022571967889865917	True	False	False	False
SRR17827633	Free-living	225.0	300	5337182.0	31177.0	14.706132075471698	0.005841472147661444	True	True	False	True
SRR17827634	Free-living	500.0	1000	7127646.0	14976.0	9.313432835820896	0.002101114449286623	True	False	False	False
SRR17827637	Free-living	1000.0	1000	9068219.0	25070.0	6.9677598665925515	0.0027646001932683803	True	False	False	False
KJ48	Particle-bound	300.0	300	132639.0	415.0	1.7364016736401673	0.003128793190539736	True	True	False	True
KJ_40_41	Free-living	150.0	150	512815.0	33414.0	29.182532751091703	0.06515800044850482	True	True	False	True
SRR23969182	Free-living	45.0	45	8883097.0	2917435.0	175.08461861609555	0.32842543540839414	True	True	True	True
SRR9178100	Free-living	5.0	5	10664265.0	3111284.0	110.98648021974103	0.29174856401261595	True	True	True	True
KJ88	Free-living	75.0	75	317603.0	39105.0	43.59531772575251	0.12312541128389845	True	True	False	True
SRR9178101	Free-living	175.0	300	11693243.0	91722.0	20.634870641169854	0.007844017267066117	True	True	True	True
SRR9178102	Free-living	125.0	150	10413492.0	2559037.0	108.68245137178289	0.24574244643391477	True	True	True	True
KJ87	Free-living	75.0	75	198710.0	11571.0	7.637623762376237	0.05823058728800765	True	True	False	True
SRR9178103	Free-living	45.0	45	32196484.0	13322861.0	295.71529087963063	0.41379863093125324	True	True	True	True
SRR9178104	Free-living	25.0	45	24278766.0	10261902.0	180.37830236768556	0.4226698342082131	True	True	True	True
SRR9178098	Free-living	175.0	300	7862533.0	129045.0	20.322047244094488	0.01641264971479293	True	True	True	True
KJ8586	Particle-bound	75.0	75	138811.0	17925.0	26.674107142857142	0.1291324174597114	True	True	False	True
SRR9178106	Free-living	25.0	45	15039323.0	5936443.0	134.80273854398473	0.39472807386343123	True	True	True	True
KJ84	Particle-bound	75.0	75	102855.0	4314.0	6.225108225108225	0.041942540469593115	True	True	False	True
SRR9178107	Free-living	200.0	300	10234331.0	64522.0	16.69391979301423	0.006304466799051154	True	True	True	True
SRR9178108	Free-living	125.0	150	3243242.0	363947.0	47.9951206646446	0.11221703468319663	True	True	True	True
KJ8283	Particle-bound	75.0	75	431515.0	84397.0	63.5519578313253	0.19558300406706602	True	True	True	True
SRR9178109	Free-living	75.0	75	14866241.0	5681515.0	143.37484543366895	0.38217562866093724	True	True	True	True
SRR9178110	Free-living	225.0	300	10214457.0	68462.0	17.345325563719282	0.006702461031457668	True	True	True	True
SRR9178105	Free-living	25.0	45	12710486.0	4456359.0	123.89443687619895	0.350604925728253	True	True	True	True
KJ9	Particle-bound	5.0	5	880684.0	10614.0	3.2222222222222223	0.012051995948603586	True	True	False	True
SRR9178097	Free-living	25.0	45	13895892.0	4222051.0	77.93644435419858	0.3038344713675092	True	True	True	True
SRR9178096	Free-living	125.0	150	12730930.0	859506.0	33.13821953194279	0.0675132138814682	True	True	True	True
SRR9178085	Free-living	75.0	75	18091165.0	6935044.0	130.01826055981553	0.38333871809803294	True	True	True	True
KJ99	Free-living	150.0	150	358154.0	4988.0	8.766256590509666	0.01392696996264177	True	True	False	True
SRR9178086	Free-living	150.0	150	9391441.0	219547.0	15.872397339502603	0.023377349652731673	True	True	True	True
SRR9178087	Free-living	125.0	150	12536898.0	1690029.0	35.69980988593156	0.1348043989829063	True	True	True	True
KJ96	Particle-bound	150.0	150	116549.0	1232.0	5.866666666666666	0.010570661266934938	True	True	False	True
SRR9178088	Free-living	175.0	300	15182120.0	1011663.0	29.38147653345725	0.0666351603069927	True	True	True	True
SRR9178089	Free-living	45.0	45	11532415.0	4105744.0	169.9678754760722	0.35601771181491476	True	True	True	True
KJ93	Particle-bound	150.0	150	390158.0	3468.0	5.504761904761905	0.008888706626546169	True	True	False	True
SRR9178090	Free-living	175.0	300	11927576.0	1054884.0	28.367009976604727	0.08844076952433587	True	True	True	True
SRR9178091	Free-living	250.0	300	20921101.0	92393.0	16.689486994219653	0.004416258972221395	True	True	True	True
KJ92	Free-living	75.0	75	1654203.0	431364.0	147.72739726027396	0.26076847883844967	True	True	True	True
SRR9178092	Free-living	5.0	5	14261901.0	4828947.0	130.06213639301873	0.33859069699053446	True	True	True	True
SRR9178093	Free-living	5.0	5	5893411.0	2278412.0	142.10765296575812	0.38660327609935907	True	True	True	True
KJ91	Free-living	75.0	75	2192520.0	499656.0	123.86117997025285	0.22789119369492639	True	True	True	True
SRR9178094	Free-living	25.0	45	11488163.0	3932875.0	116.11334179681734	0.3423415040333254	True	True	True	True
SRR9178095	Free-living	250.0	300	6884688.0	17715.0	11.503246753246753	0.00257310135186954	True	False	False	False
KJ90	Free-living	75.0	75	1566246.0	156716.0	23.676688321498716	0.10005835609476417	True	True	True	True
KJ81	Particle-bound	75.0	75	346861.0	15395.0	4.269273433166944	0.04438377332706762	True	True	False	True
SRR9178111	Free-living	225.0	300	13075384.0	145099.0	19.302780364507118	0.011097111947151992	True	True	True	True
SRR17827588	Free-living	150.0	150	5640209.0	956504.0	22.773904761904763	0.1695866234744138	True	True	True	True
SRR9178112	Free-living	100.0	150	12618648.0	4219006.0	88.87169549006803	0.3343469126010964	True	True	True	True
KJ66	Free-living	1000.0	1000	1626186.0	2787.0	3.766216216216216	0.0017138260936940793	True	False	False	False
SRR9178149	Free-living	100.0	150	11272385.0	5163551.0	218.72965645783032	0.45807085190933416	True	True	True	True
SRR9178150	Free-living	225.0	300	8267516.0	70620.0	19.671309192200557	0.008541864327810192	True	True	True	True
KJ63	Free-living	1000.0	1000	400489.0	848.0	2.014251781472684	0.0021174114644846673	True	False	False	False
SRR9178151	Free-living	25.0	45	14365382.0	5177584.0	85.70598069887934	0.36042090631491736	True	True	True	True
SRR9178152	Free-living	100.0	150	15307611.0	6388851.0	98.39598028646235	0.41736434248296483	True	True	True	True
KJ60	Particle-bound	1000.0	1000	150096.0	434.0	2.358695652173913	0.0028914827843513485	True	True	False	True
SRR9178153	Free-living	125.0	150	4764432.0	530993.0	47.70826594788859	0.11144938158420563	True	True	True	True
SRR9178154	Free-living	200.0	300	12832904.0	64253.0	14.740307409956412	0.005006894776116147	True	True	True	True
KJ57	Particle-bound	1000.0	1000	592565.0	5557.0	0.05579093209108068	0.009377874157265449	False	True	False	False
SRR9178155	Free-living	200.0	300	1742638.0	10630.0	17.34094616639478	0.0060999473212451465	True	True	False	True
SRR9178156	Free-living	5.0	5	11343854.0	3962338.0	99.55623115577889	0.3492938114330456	True	True	True	True
KJ54	Free-living	300.0	300	2006844.0	2291.0	1.2383783783783784	0.0011415934671553942	True	False	False	False
SRR9178157	Free-living	45.0	45	13347618.0	4671617.0	115.30301609240794	0.3499963064570772	True	True	True	True
SRR9178158	Free-living	150.0	150	14354978.0	3167977.0	87.91144966144967	0.22068839116298192	True	True	True	True
KJ51	Free-living	300.0	300	790230.0	1343.0	3.25181598062954	0.0016995052073446972	True	False	False	False
SRR9178159	Free-living	5.0	5	10805845.0	3734768.0	72.73727262104155	0.34562479843084926	True	True	True	True
SRR9178148	Free-living	225.0	300	11166472.0	58736.0	14.129420254991581	0.005260031995781658	True	True	True	True
SRR9178084	Free-living	500.0	1000	9651665.0	20417.0	8.235982250907623	0.0021153863089943548	True	False	False	False
SRR9178147	Free-living	100.0	150	7586563.0	1905745.0	164.79980975441023	0.25120004935041074	True	True	True	True
SRR9178146	Free-living	25.0	45	3327929.0	1216972.0	155.0875493819294	0.36568448425432154	True	True	True	True
KJ7980	Free-living	5.0	5	2755028.0	764679.0	105.16833998074543	0.2775576146594517	True	True	True	True
SRR9178113	Free-living	150.0	150	6451382.0	305705.0	22.402535541550638	0.04738597094390008	True	True	True	True
SRR9178114	Free-living	250.0	300	8493204.0	38027.0	15.458130081300814	0.004477344474476299	True	True	False	True
KJ78	Free-living	5.0	5	3218405.0	491554.0	14.434545134198626	0.15273217634200792	True	True	True	True
SRR9178115	Free-living	150.0	150	13737498.0	646096.0	22.58524137448876	0.0470315628071429	True	True	True	True
SRR9178117	Free-living	100.0	150	12995717.0	4351523.0	67.75012844665183	0.33484285630411925	True	True	True	True
KJ7677	Free-living	5.0	5	363301.0	37858.0	37.971915747241724	0.10420560361793664	True	True	False	True
SRR9178118	Free-living	500.0	1000	7230307.0	15899.0	8.95213963963964	0.002198938440649892	True	False	False	False
SRR9178119	Free-living	125.0	150	12958358.0	1395206.0	30.007011355815553	0.10766842527425156	True	True	True	True
KJ75	Free-living	5.0	5	482868.0	37146.0	15.4068851099129	0.07692785606004125	True	True	False	True
SRR9178141	Free-living	100.0	150	3421929.0	859108.0	162.46369137670197	0.2510595631878978	True	True	True	True
SRR9178142	Free-living	25.0	45	7431458.0	2731948.0	153.57513069874642	0.3676193823607696	True	True	True	True
KJ7374	Particle-bound	5.0	5	141082.0	22642.0	42.48030018761726	0.1604882267050368	True	True	False	True
SRR9178143	Free-living	25.0	45	9594492.0	3407335.0	158.7686967056521	0.3551344875789151	True	True	True	True
SRR9178144	Free-living	225.0	300	9254054.0	36295.0	15.732553099263113	0.003922064859357855	True	True	False	True
KJ72	Particle-bound	5.0	5	134844.0	6627.0	1.3538304392236977	0.04914567945181098	True	True	False	True
SRR9178145	Free-living	25.0	45	12443392.0	3721034.0	110.24632614363593	0.29903695069640174	True	True	True	True
KJ69	Particle-bound	5.0	5	627571.0	23513.0	9.83396068590548	0.03746667707717533	True	True	False	True
SRR23969181	Free-living	25.0	45	7725905.0	2643162.0	139.909062036841	0.34211681349951883	True	True	True	True
KJ_100_101	Free-living	150.0	150	398730.0	10392.0	3.645036829182743	0.026062749228801446	True	True	False	True
SRR9178082	Free-living	100.0	150	17757699.0	7351369.0	197.3521879194631	0.41398207053740466	True	True	True	True
KJ_25	Particle-bound	75.0	75	283234.0	38227.0	30.21897233201581	0.13496614107063418	True	True	False	True
SRR23969197	Free-living	100.0	150	12934978.0	3116696.0	58.04659825303112	0.2409510089619016	True	True	True	True
SRR23969198	Free-living	5.0	5	13969333.0	3716853.0	125.4972819664382	0.26607233144202375	True	True	True	True
KJ_23	Particle-bound	75.0	75	480650.0	68003.0	32.42870767763472	0.14148132736918756	True	True	True	True
SRR23969199	Free-living	1000.0	1000	4441436.0	12153.0	7.881322957198444	0.002736277186027222	True	False	False	False
SRR23969200	Free-living	5.0	5	10757198.0	3182825.0	122.50115464552383	0.2958786293605454	True	True	True	True
KJ_22	Particle-bound	75.0	75	528398.0	76823.0	55.830668604651166	0.14538851396106722	True	True	True	True
SRR23969196	Free-living	75.0	75	7216119.0	2414058.0	101.9450168918919	0.3345368888733681	True	True	True	True
SRR23969201	Free-living	75.0	75	9278846.0	4408262.0	79.52127717146207	0.4750873115040383	True	True	True	True
KJ_127_128	Free-living	1000.0	1000	2554141.0	4862.0	8.559859154929578	0.001903575409501668	True	False	False	False
SRR23969203	Free-living	125.0	150	4832312.0	759689.0	20.873444154416816	0.15721025463587615	True	True	True	True
SRR23969204	Free-living	5.0	5	10285406.0	3641974.0	92.07134189503489	0.3540914184622367	True	True	True	True
KJ_126	Free-living	1000.0	1000	2039646.0	4230.0	8.041825095057034	0.002073889292553708	True	False	False	False
SRR23969205	Free-living	75.0	75	6816572.0	2373986.0	83.37088674275681	0.34826684145638015	True	True	True	True
SRR23969206	Free-living	75.0	75	14434263.0	5035709.0	143.84041246536606	0.3488719167719197	True	True	True	True
KJ_124_125	Free-living	1000.0	1000	371654.0	1565.0	4.184491978609626	0.0042109058425309565	True	True	False	True
SRR23969202	Free-living	25.0	45	5477905.0	2082626.0	86.15148506660049	0.38018658593020505	True	True	True	True
SRR23969195	Free-living	45.0	45	16386942.0	5878912.0	133.6875952245594	0.3587558923440383	True	True	True	True
KJ_26	Particle-bound	75.0	75	151612.0	20166.0	34.295918367346935	0.1330105796374957	True	True	False	True
SRR23969194	Free-living	125.0	150	5012991.0	587567.0	23.915947574080104	0.11720886791937189	True	True	True	True
KJ_37_38	Particle-bound	150.0	150	333104.0	19833.0	23.837740384615383	0.05953996349488448	True	True	False	True
SRR23969183	Free-living	75.0	75	9463450.0	3289183.0	132.51079687374104	0.347567007803708	True	True	True	True
SRR23969184	Free-living	100.0	150	8657058.0	2637803.0	36.18584010096576	0.30469970283207065	True	True	True	True
KJ_34_35	Particle-bound	150.0	150	460326.0	36308.0	28.656669297553275	0.07887453674135286	True	True	False	True
SRR23969185	Free-living	25.0	45	7044650.0	1720582.0	35.672299048369375	0.24423952928818324	True	True	True	True
SRR23969186	Free-living	75.0	75	6960076.0	1986344.0	51.13512678594414	0.28539113653356657	True	True	True	True
KJ_32	Free-living	75.0	75	2984154.0	729515.0	106.51408964812381	0.24446291980909832	True	True	True	True
SRR23969187	Free-living	770.0	1000	5638933.0	13835.0	8.828972559029994	0.002453478344218667	True	False	False	False
SRR23969188	Free-living	150.0	150	5083071.0	128021.0	17.17710988863545	0.025185758766698322	True	True	True	True
KJ_31	Free-living	75.0	75	4077956.0	951133.0	199.31538139145013	0.2332376808381454	True	True	True	True
SRR23969189	Free-living	125.0	150	12257528.0	4306653.0	175.39516982976298	0.35134759635058554	True	True	True	True
SRR23969190	Free-living	45.0	45	8181491.0	2411180.0	61.022448308151745	0.2947115629657235	True	True	True	True
KJ_29	Free-living	75.0	75	569798.0	69121.0	37.24191810344828	0.12130790209863847	True	True	True	True
SRR23969191	Free-living	75.0	75	5896095.0	1942436.0	51.10328860826098	0.32944448825875433	True	True	True	True
SRR23969192	Free-living	100.0	150	9108543.0	2891427.0	140.68150634943805	0.31744121974282824	True	True	True	True
KJ_28	Free-living	75.0	75	841209.0	117719.0	46.40086716594403	0.13994025266015936	True	True	True	True
SRR23969193	Free-living	125.0	150	6941876.0	954391.0	120.8701874366768	0.13748315296902452	True	True	True	True
SRR23969207	Free-living	25.0	45	7878323.0	2797373.0	123.42803565125308	0.35507213908340646	True	True	True	True
SRR23969208	Free-living	5.0	5	11724022.0	3694029.0	157.059056122449	0.31508205972319053	True	True	True	True
KJ_123	Free-living	1000.0	1000	484189.0	1566.0	4.539130434782609	0.003234274219364752	True	True	False	True
SRR23969209	Free-living	125.0	150	8559003.0	2230203.0	67.56143592850651	0.2605680825208263	True	True	True	True
SRR23969224	Free-living	5.0	5	8725151.0	2827721.0	148.76478324915826	0.3240884885545247	True	True	True	True
KJ_111	Free-living	300.0	300	373655.0	2074.0	6.209580838323354	0.005550574728024515	True	True	False	True
SRR23969225	Free-living	5.0	5	8176665.0	2575848.0	93.07826841078268	0.31502427945867906	True	True	True	True
SRR23969226	Free-living	125.0	150	15609879.0	5923204.0	108.19823176969166	0.3794522686562785	True	True	True	True
KJ_109_110	Particle-bound	300.0	300	113071.0	993.0	3.597826086956522	0.008782092667439043	True	True	False	True
SRR23969227	Free-living	25.0	45	11587957.0	3828813.0	158.18926623698562	0.3304131176876131	True	True	True	True
SRR23969228	Free-living	75.0	75	7182415.0	2423175.0	78.85629210192326	0.3373760775449483	True	True	True	True
KJ_108	Particle-bound	300.0	300	122637.0	736.0	3.2139737991266375	0.006001451437983643	True	True	False	True
SRR23969229	Free-living	75.0	75	9289896.0	3508967.0	37.79544597753148	0.3777186526092434	True	True	True	True
SRR23969230	Free-living	5.0	5	12602284.0	4109078.0	157.75023034398035	0.32605819706967404	True	True	True	True
KJ_106_107	Particle-bound	300.0	300	155209.0	3179.0	4.348837209302325	0.020482059674374553	True	True	False	True
SRR9178068	Free-living	500.0	1000	12767842.0	27762.0	10.011539848539488	0.002174369012398493	True	False	False	False
SRR9178079	Free-living	250.0	300	11814590.0	33298.0	11.442611683848797	0.002818379647537494	True	True	False	True
KJ_105	Particle-bound	300.0	300	69886.0	573.0	2.6651162790697676	0.008199067052056206	True	True	False	True
SRR9178080	Free-living	500.0	1000	11276781.0	26435.0	9.849105812220566	0.002344197337875055	True	False	False	False
SRR9178081	Free-living	225.0	300	9850584.0	77560.0	23.886664613489376	0.00787364485191944	True	True	True	True
KJ_103_104	Free-living	150.0	150	3724832.0	64377.0	18.304520898493035	0.017283195591103168	True	True	True	True
SRR23969223	Free-living	5.0	5	8459128.0	2190103.0	45.53512693099362	0.25890410926516305	True	True	True	True
SRR9178083	Free-living	125.0	150	11907565.0	2841960.0	39.72213680708914	0.23866844312838098	True	True	True	True
KJ_112_113	Free-living	300.0	300	270170.0	2273.0	7.193037974683544	0.008413221305104194	True	True	False	True
SRR23969221	Free-living	100.0	150	18678025.0	6367216.0	130.4864333142061	0.3408934295783414	True	True	True	True
SRR23969210	Free-living	5.0	5	9689578.0	3640611.0	31.44720089143035	0.3757244123531489	True	True	True	True
KJ_121_122	Particle-bound	1000.0	1000	30189.0	214.0	2.4318181818181817	0.007088674682831495	True	True	False	True
SRR23969211	Free-living	125.0	150	11370869.0	2073442.0	34.742660857908845	0.18234683734374216	True	True	True	True
SRR23969212	Free-living	5.0	5	7511194.0	2580836.0	275.1424307036247	0.34359863425175813	True	True	True	True
KJ_120	Particle-bound	1000.0	1000	82565.0	602.0	6.615384615384615	0.007291225095379398	True	True	False	True
SRR23969213	Free-living	100.0	150	17049759.0	7023502.0	97.88034450080829	0.4119414239227663	True	True	True	True
SRR23969214	Free-living	5.0	5	7984703.0	2353719.0	75.41553989106056	0.29477852839360463	True	True	True	True
KJ_118_119	Particle-bound	1000.0	1000	119833.0	3951.0	27.823943661971832	0.03297088448090259	True	True	False	True
SRR23969215	Free-living	150.0	150	5322796.0	58856.0	14.684630738522953	0.011057346552451004	True	True	True	True
SRR23969216	Free-living	100.0	150	7901168.0	3178284.0	136.87110804874897	0.402254957748019	True	True	True	True
KJ_117	Particle-bound	1000.0	1000	40167.0	464.0	10.08695652173913	0.011551771354594568	True	True	False	True
SRR23969217	Free-living	45.0	45	5024502.0	1801546.0	140.59200874044015	0.35855215103904825	True	True	True	True
SRR23969218	Free-living	75.0	75	19940248.0	6842124.0	138.0796738779464	0.34313133918896094	True	True	True	True
KJ_115_116	Free-living	300.0	300	2601205.0	4821.0	6.966763005780347	0.0018533718026837562	True	False	False	False
SRR23969219	Free-living	45.0	45	7482338.0	3036051.0	78.62769015616502	0.40576234326757227	True	True	True	True
SRR23969220	Free-living	100.0	150	14419910.0	6002017.0	194.2966236120553	0.4162312386138332	True	True	True	True
KJ_114	Free-living	300.0	300	3319485.0	6133.0	7.543665436654367	0.0018475757534677818	True	False	False	False
SRR23969222	Free-living	75.0	75	12739669.0	4167609.0	83.76598396076618	0.32713636437493	True	True	True	True
SRR9178536	Free-living	125.0	150	11230375.0	1543252.0	39.86186232726333	0.13741767305187938	True	True	True	True
