sample_name	summary_type	Prochlorococcus	Synechococcus	other_genus	unclassified
ERR1726590	percent	0.0507586773261279	0.05071437391623191	1.6910611557298931	98.20746579302775
SRR23969194	percent	3.272430187669597	0.1368304633355288	24.51038609381887	72.080353255176
SRR23969195	percent	17.70988882096164	0.13247219228690413	31.52237193998273	50.63526704676873
SRR23969196	percent	14.12373569567322	0.13854267845823998	27.956490812245065	57.78123081362347
SRR23969197	percent	6.079770190751157	0.1047394743831294	19.04788183612924	74.76760849873646
SRR23969198	percent	12.486261461771397	0.09949427801241627	34.34231601461471	53.07192824560148
SRR23969199	percent	0.060489602935754096	0.007675057000488178	22.038368714914736	77.89346662514902
SRR23969200	percent	12.811234416015285	0.10458051969458237	30.383136542141038	56.7010485221491
SRR23969201	percent	23.239445158538103	0.2922418500451107	25.38446923428998	51.0838437571268
SRR23969202	percent	17.308185998262886	0.2009040933523384	28.016414065547057	54.47449584283771
SRR23969193	percent	4.88347251327131	0.040402622158832446	30.59664070822072	64.47948415634914
SRR23969203	percent	3.910554335924004	0.18734590741205168	20.77677695238166	75.12532280428229
SRR23969205	percent	12.696011204215743	0.15228350927092377	23.606543051497336	63.545162235015994
SRR23969206	percent	16.826444144688917	0.11697994921100768	31.287583722328115	51.768992183771964
SRR23969207	percent	15.241901456183932	0.12348816357452247	27.560821080776428	57.07378929946512
SRR23969208	percent	17.2516618487864	0.1098418790657724	37.391413223187584	45.24708304896024
SRR23969209	percent	8.644345432416111	0.1279479234509396	24.40270393769134	66.82500270644161
SRR23969210	percent	17.36383647384787	0.5521584109757659	28.298293841050643	53.785711274125724
SRR23969211	percent	6.298137409306638	0.18127965025663614	28.059911952400967	65.46067098803576
SRR23969212	percent	13.16254831908269	0.0478390348061619	25.09753068468624	61.692081961424904
SRR23969213	percent	19.28622613187749	0.19703880518849448	27.334619868549996	53.18211519438402
SRR23969204	percent	17.57174335421983	0.19084921532100985	31.8622851824565	50.375122248002654
SRR23969214	percent	12.074527917573967	0.16010662968157352	28.726720349839912	59.03864510290455
SRR23969192	percent	14.392632976054514	0.10230650317536927	30.84458192165989	54.66047859911023
SRR23969190	percent	9.624047545871468	0.1577132319777119	22.874058522294114	67.34418069985671
SRR23969170	percent	0.16198569901670468	0.009408738252338575	23.852331920163095	75.97627364256786
SRR23969171	percent	11.790092252559406	0.09154889016898803	26.697075552340177	61.42128330493143
SRR23969172	percent	7.866470940019564	0.08471862661711418	25.843204331112513	66.20560610225081
SRR23969173	percent	16.371126223110437	0.15213480520763117	25.108537815706317	58.368201155975605
SRR23969174	percent	7.271288391828601	0.18057819884926835	26.09680143204905	66.45133197727309
SRR23969175	percent	0.13487808978175192	0.010935327049482354	17.7673186544114	82.08686792875737
SRR23969176	percent	20.061819621766183	0.2808078882170143	24.59390909470375	55.06346339531305
SRR23969177	percent	7.407938597410634	0.09856765135225533	29.93632929029807	62.55716446093904
SRR23969178	percent	17.18599499507515	0.5821247297550479	27.88433768705304	54.34754258811676
SRR23969191	percent	11.215719546614789	0.21947158102857858	22.60914698192509	65.95566189043154
SRR23969179	percent	19.287981481736622	0.14814008812134585	27.708737326284893	52.855141103857136
SRR23969181	percent	14.990182117564938	0.10714232444512929	28.718651640048293	56.18402391794164
SRR23969182	percent	14.446589459335424	0.08251204231145036	29.45832426326447	56.012574235088664
SRR23969183	percent	16.497777413075745	0.12450138254617214	30.844186785579147	52.533534418798936
SRR23969184	percent	13.348837967213859	0.36889672672979046	30.09208147306066	56.190183832995686
SRR23969185	percent	8.59530530363261	0.24095181787913145	26.35585665582376	64.80788622266451
SRR23969186	percent	10.023740949034421	0.19602456430771412	24.90305249279965	64.87718199385822
SRR23969187	percent	0.07042434191035814	0.007976504790280534	28.625476681423795	71.29612247187556
SRR23969188	percent	0.6935735564713559	0.04037777955476848	26.804371527147975	72.4616771368259
SRR23969189	percent	13.916755520908614	0.0793451469297364	25.613549904588055	60.3903494275736
SRR23969180	percent	16.41159114959121	0.15696538421628914	32.347525833599825	51.08391763259268
SRR23969169	percent	16.911442752831192	0.07800992079578548	32.36295518143116	50.64759214494187
SRR23969215	percent	0.2908113189125388	0.01980378833426423	25.98966566382812	73.69971922892508
SRR23969217	percent	16.56951010226847	0.11785527677365339	29.524908217007123	53.78772640395076
SRR9178089	percent	14.852077684175798	0.087381675169945	26.77778444985284	58.28275619080141
SRR9178090	percent	3.2357229725153545	0.11406640936721807	33.23653828032749	63.41367233778994
SRR9178091	percent	0.1452018408210774	0.008700197967221376	32.72502144246768	67.12107651874403
SRR9178092	percent	13.303737495892298	0.1022875516644704	25.88547827530096	60.708496677142264
SRR9178093	percent	15.555813937769289	0.10946499793024922	24.57187087513487	59.7628501891656
SRR9178094	percent	13.72769667060139	0.11822669521150296	26.253499312616015	59.90057732157109
SRR9178095	percent	0.09132686097489555	0.007939224719240143	35.393646351874686	64.50708756243118
SRR9178096	percent	2.3685467128714226	0.07147477282502518	32.64269161147353	64.91728690283001
SRR9178097	percent	13.62270706829269	0.17479251435158408	31.03845009409621	55.16405032325952
SRR9178088	percent	1.8486900153346193	0.06292025566616712	25.83185139124448	72.25653833775473
SRR9178098	percent	0.50384766336034	0.024793154809083336	30.170099002385918	69.30126017944465
SRR9178101	percent	0.23327253425346303	0.011304773279656389	29.49433405780526	70.26108863466162
SRR9178102	percent	8.660863396738803	0.07968962134569055	26.503107661707304	64.7563393202082
SRR9178103	percent	21.62427757636243	0.07312532778416411	30.560569839013585	47.742027256839826
SRR9178104	percent	20.34612656668604	0.11279697335887005	27.678239133985084	51.86283732597001
SRR9178105	percent	13.778250248767662	0.11120959581531113	25.409047499968462	60.70149265544856
SRR9178106	percent	18.13907470428044	0.1345601350551335	27.679708500910934	54.04665665975349
SRR9178107	percent	0.19783248909126536	0.0118505714382341	31.170050610371884	68.62026632909861
SRR9178108	percent	2.8751828554739247	0.05990573240900124	22.686537073416556	74.37837433870051
SRR9178109	percent	17.39332286746761	0.12131362942263443	27.99669798670868	54.48866551640108
SRR9178100	percent	14.837842573367174	0.13369054090182764	35.88678944023566	49.14167744549534
SRR23969216	percent	14.290194425946337	0.10440621567012259	21.13061576826559	64.47478359011795
SRR9178087	percent	4.347260516614431	0.12177265174534112	27.779621544797468	67.75134528684276
SRR9178085	percent	18.675835891852756	0.14364009956325213	29.899411535819638	51.281112472764356
SRR23969218	percent	15.144422314284316	0.10967886792426103	28.881833326368472	55.864065491422956
SRR23969219	percent	18.064394557829605	0.22974596509132245	26.225502212672662	55.48035726440641
SRR23969220	percent	18.47587684363841	0.09509108547623808	25.817523682346955	55.6115083885384
SRR23969221	percent	13.91163512034937	0.10661365145026772	26.791089024933427	59.19066220326694
SRR23969222	percent	14.592315206773037	0.17420335220568411	29.839697062005648	55.39378437901563
SRR23969223	percent	10.300763927988536	0.22621577279445973	29.259039753387796	60.213980545829216
SRR23969224	percent	15.183944412259207	0.10206679350198375	31.56521908625412	53.14876970798469
SRR23969225	percent	15.25351252688694	0.16387834440117163	33.002726311735884	51.57988281697601
SRR23969226	percent	16.649296957544856	0.15387771764130284	27.07400918381031	56.122816141003526
SRR9178086	percent	0.7112364750243413	0.044809644051327	29.668124524290327	69.575829356634
SRR23969227	percent	15.76950781122998	0.09968759692965166	31.857444265205746	52.273360326634624
SRR23969229	percent	17.886457392977167	0.47324371839957263	28.994215009575385	52.64608387904788
SRR23969230	percent	14.485052073108607	0.09182269998289957	29.847869653785626	55.57525557312286
SRR9178068	percent	0.07187140749752209	0.007178856458130854	32.97486426835389	66.94608546769047
SRR9178079	percent	0.08331703590924713	0.007281295408009765	29.471436003568684	70.43796566511405
SRR9178080	percent	0.08100318313246219	0.008224420031304277	34.465535267563304	65.44523712927293
SRR9178081	percent	0.1602415970575048	0.006708412398732827	20.184691456622975	79.64835853392078
SRR9178082	percent	19.5075802556259	0.09884653654605895	27.51537302467138	52.878200183156665
SRR9178083	percent	9.15731801000108	0.23053437569266885	28.980512907891843	61.63163470641441
SRR9178084	percent	0.07281664720443207	0.008841282677170353	34.34072955311614	65.57761251700227
SRR23969228	percent	14.642582134088933	0.18568692166204206	28.5730955005078	56.59863544374123
SRR23969168	percent	16.113030146077307	0.11101419848680416	28.504932042625196	55.27102361281069
SRR9178536	percent	4.506083518751897	0.11304247357429614	28.172023928038943	67.20885007963486
SRR23969166	percent	16.475327957262394	0.10837547894680863	33.43330710235673	49.982989461434066
SRR17827620	percent	0.08000906590108028	0.008558493226687228	28.413117665191667	71.49831477568057
SRR17827621	percent	0.0780465581692381	0.010038927282859385	32.289521361193934	67.62239315335397
SRR17827622	percent	0.08624821267916585	0.011315491857287098	34.01824149974018	65.88419479572337
SRR17827623	percent	0.07022582529813641	0.009823764582339278	35.23021403476757	64.68973637535196
SRR17827624	percent	0.7645211758322413	0.03880897882123473	32.393723517167324	66.8029463281792
SRR17827625	percent	6.19961918522484	0.09713732899983074	30.345898992565935	63.357344493209396
SRR17827626	percent	0.09109101675001612	0.01006138112077905	33.812397921451414	66.08644968067779
SRR17827628	percent	1.0093660504735469	0.04875871366971992	31.7927443480091	67.14913088784763
SRR17827629	percent	0.10859414685082468	0.010165659439735611	32.607506295724214	67.27373389798522
SRR17827619	percent	0.08277303984934586	0.00900068001037085	34.3843322658001	65.52389401434019
SRR17827630	percent	0.07350309824456686	0.007317886422481754	29.6060420934177	70.31313692191526
SRR17827632	percent	2.125995914913446	0.08893102678813349	31.570034470299436	66.21503858799899
SRR17827633	percent	0.16024043106048255	0.01089616428290801	27.260378442288463	72.56848496236815
SRR17827634	percent	0.07260334778225279	0.007795551765081629	34.47428602344832	65.44531507700434
SRR17827637	percent	0.08408757800070396	0.012068093563882444	30.319662935933046	69.58418139250236
SRR17827638	percent	0.5844273495456644	0.02623797056685317	33.21023054162519	66.1791041382623
SRR17827641	percent	0.23619264078496566	0.014383797736620104	33.81889056386771	65.9305329976107
SRR17827644	percent	0.08340021448369983	0.008753890394867382	35.71336711032204	64.19447878479939
SRR17827645	percent	0.31146226992899584	0.018067147499534204	26.216094489152635	73.45437609341883
SRR17827646	percent	0.13685540647924652	0.010209451630560865	32.503986126289696	67.3489490156005
SRR17827631	percent	0.06685841061247663	0.008165936260478027	30.194394871779707	69.73058078134734
SRR17827647	percent	2.70324025367443	0.12367428661436955	30.07214614160653	67.10093931810466
SRR17827618	percent	0.06517135560383108	0.008564106375896404	31.34172991778031	68.58453462023996
SRR17827616	percent	5.0422808869326445	0.09117614737256269	32.05806522511825	62.80847774057654
SRR17827591	percent	0.07625028811362462	0.008439936862740756	28.274145682189022	71.64116409283461
SRR17827592	percent	0.0796550581566575	0.010644085051472069	35.700375215044474	64.2093256417474
SRR17827593	percent	0.07930850720189714	0.009905457461234494	36.96970440423497	62.9410816311019
SRR17827594	percent	0.09270730249915397	0.008703192001287734	33.72182241836169	66.17676708713786
SRR17827596	percent	0.06753615225869139	0.009656755904723311	33.23343101319448	66.6893760786421
SRR17827597	percent	0.09148627359901758	0.009984405694352508	33.06037132463107	66.83815799607555
SRR17827598	percent	0.8944139450058463	0.04417227133961845	31.60860839388545	67.45280538976908
SRR17827599	percent	0.05963252973220223	0.009682270956518857	33.8696225660983	66.06106263321297
SRR17827600	percent	2.975391586370036	0.11180651031942772	32.235027377530855	64.67777452577968
SRR17827617	percent	0.12620062028511778	0.011372702120075365	33.87440075074383	65.98802592685098
SRR17827601	percent	0.10260370125883059	0.01001425323851096	33.86744822757113	66.01993381793153
SRR17827606	percent	0.11397789054450466	0.011353454681331514	30.250410177283037	69.62425847749113
SRR17827607	percent	0.07892582623694239	0.010385734224515638	36.905369965457794	63.00531847408075
SRR17827608	percent	1.024600553587325	0.05504581335404551	28.880126316108672	70.04022731694995
SRR17827610	percent	1.171136119266223	0.02623071676933569	30.671450195561146	68.1311829684033
SRR17827611	percent	1.3102314937554016	0.0697279188277185	20.43257725630721	78.18746333110967
SRR17827612	percent	0.09142076468329167	0.009478270176344302	33.54657919754214	66.35252176759823
SRR17827613	percent	0.1829414857418774	0.011646858163736512	33.50045154696263	66.30496010913176
SRR17827614	percent	0.07507359547430194	0.010358230877909012	33.97976499271802	65.93480318092976
SRR17827615	percent	0.06080668744856044	0.008634248391142131	34.381987857009946	65.54857120715035
SRR17827603	percent	2.4298051692933393	0.09527376621906153	31.210783412813797	66.2641376516738
SRR17827649	percent	0.06998127855408211	0.009098212391888051	35.352073518467094	64.56884699058693
SRR17827650	percent	0.08038710855673674	0.009841696490197106	33.38316611955536	66.52660507539771
SRR17827651	percent	0.07884987156524971	0.009855310818003721	33.07991756100812	66.83137725660863
SRR23969146	percent	11.504806560895085	0.20134851577001453	31.901651460772275	56.39219346256262
SRR23969147	percent	10.007006876491346	0.184615637874247	22.908875748942936	66.89950173669146
SRR23969148	percent	17.067872285308216	0.14460086563910535	31.88069599312814	50.90683085592455
SRR23969149	percent	17.99498519014232	0.12304781648240402	34.311006623087216	47.57096037028806
SRR23969150	percent	12.84425576758417	0.08108447946542444	28.739741693660896	58.33491805928951
SRR23969151	percent	5.177906159398027	0.1163975925613615	32.911065223179634	61.794631024860976
SRR23969152	percent	20.106683537596187	0.09703336165710208	26.990916937358538	52.805366163388165
SRR23969153	percent	13.294034862932813	0.1162208610438219	28.19666234584095	58.39308193018241
SRR23969154	percent	0.09250205751793647	0.00702204625293952	22.724143132550225	77.1763327636789
SRR23969145	percent	21.966396959097104	0.21508794807861062	27.885712308799203	49.932802784025085
SRR23969155	percent	16.873437509393643	0.1375089602251986	30.02068314280869	52.96837038757247
SRR23969157	percent	3.1977004205208144	0.1668417525318411	26.675192013201137	69.9602658137462
SRR23969158	percent	16.239940534861027	0.126571803661452	32.16338330398099	51.470104357496524
SRR23969159	percent	13.884956336836806	0.10410850099484123	35.92869965085843	50.082235511309925
SRR23969160	percent	4.354037649953577	0.2123105452861949	28.720621432943616	66.7130303718166
SRR23969161	percent	15.521150956801815	0.08786372130408168	32.621878689929396	51.76910663196471
SRR23969162	percent	6.535594772100634	0.1564740020148802	23.699484219179972	69.60844700670451
SRR23969163	percent	11.343706003632716	0.11431487525709798	28.39647063584697	60.14550848526321
SRR23969164	percent	5.445589490912908	0.14432218638633357	26.234215425695375	68.17587289700539
SRR23969165	percent	0.071189348295206	0.007647105166187776	29.980801335720052	69.94036221081855
SRR23969156	percent	14.935952835471051	0.1761962924964233	29.51621711841223	55.371633753620294
SRR23969144	percent	19.216164831877098	0.25819511016481034	24.817951392767963	55.707688665190126
SRR23969143	percent	19.944517771545144	0.26387874078873336	28.125530780809065	51.66607270685706
SRR23969142	percent	16.756246290982453	0.1390730490925108	32.49890370344184	50.6057769564832
SRR17827653	percent	0.08044094984428735	0.009257085337819446	32.73849741855454	67.17180454626336
SRR17827654	percent	0.08677622683987016	0.008325222667826409	26.972877383983075	72.93202116650923
SRR17827655	percent	0.07640752212302476	0.009539717068826533	35.38718204333445	64.5268707174737
SRR17827656	percent	0.07541199057692638	0.009622567436719616	34.62869117973573	65.28627426225061
SRR17827657	percent	1.0501955830560974	0.061064220795333024	30.447872553568562	68.44086764258
SRR17827659	percent	0.06516927001161785	0.008630736118849323	33.69636517389792	66.22983481997163
SRR17827661	percent	0.17674618675728737	0.011167208070521177	31.140928098911726	68.67115850626047
SRR17827663	percent	0.13785197978456945	0.010707006167455837	35.30623979624341	64.54520121780456
SRR17827664	percent	0.12467859525235031	0.011092532317322209	36.026453074711874	63.83777579771846
SRR17827665	percent	0.0728465111141848	0.009763195640355691	32.87170188155577	67.0456884116897
SRR17827666	percent	0.4306789532604804	0.023280071538223496	30.09242913680851	69.45361183839279
SRR17827667	percent	0.3144807559849331	0.017596183589714653	31.011097083213112	68.65682597721224
SRR17827668	percent	2.603336814438072	0.14268213090600257	31.146320270268646	66.10766078438728
SRR17827669	percent	0.06519531895733462	0.008936470606999536	33.02960192206309	66.89626628837259
SRR17827670	percent	0.06464668064843582	0.008384273986780284	33.899421181272395	66.0275478640924
SRR17827671	percent	0.22490323434233997	0.01458389126445822	31.690348501567613	68.07016437282559
SRR17827672	percent	0.10706150032261351	0.008296940265561856	34.88227119910348	65.00237036030835
SRR23969138	percent	0.11250908951182409	0.011114093240779931	26.202840061270148	73.67353675597724
SRR23969139	percent	16.501302369540884	0.12026407888266141	29.688006147189938	53.69042740438652
SRR23969140	percent	4.815720339732756	0.21820608208395287	30.63127161255106	64.33480196563224
SRR23969141	percent	16.400537278175857	0.6144722655812149	30.002341251206577	52.982649205036346
SRR9178110	percent	0.21303351106559446	0.012281897522361331	31.55905604329103	68.21562854812102
SRR9178111	percent	0.3878067583290294	0.02009072014527539	34.538740905989116	65.05336161553659
SRR9178112	percent	13.881553110305777	0.15619768514326507	27.480661928366416	58.48158727618454
SRR9178113	percent	1.5399325120628593	0.06873920629237264	30.88897434414657	67.5023539374982
SRR9178375	percent	13.80639274722068	0.11230798793696183	35.6469755383681	50.43432372647425
SRR9178402	percent	18.063628717929358	0.07999894798845059	28.474034436113087	53.3823378979691
SRR9178403	percent	1.1181356904379194	0.046208493924504414	33.012363314156865	65.82329250148071
SRR9178404	percent	15.2334569526237	0.0867201578153051	28.18737598997193	56.49244689958907
SRR9178405	percent	18.3548569798471	0.12080067032207503	30.562821706000943	50.961520643829886
SRR9178406	percent	5.700926229521115	0.0797661788099753	31.81467334459897	62.404634247069936
SRR9178407	percent	15.780523349848266	0.12292635533535645	31.359879094442043	52.73667120037433
SRR9178408	percent	0.21879593431702063	0.013587607398280285	29.775387546047448	69.99222891223725
SRR9178409	percent	0.41100529735620256	0.013731313343491315	33.85579073478465	65.71947265451567
SRR9178374	percent	0.528908916629571	0.025518884809351147	31.002672887989903	68.44289931057118
SRR9178410	percent	19.706433608617253	0.20808906350486034	23.815937355947938	56.26953997192995
SRR9178436	percent	17.30331573563857	0.2057572701952307	33.174956308085235	49.315970686080966
SRR9178437	percent	12.058765988662454	0.10075626841854769	27.79796842570456	60.042509317214446
SRR9178438	percent	15.561700895339714	0.1074543608735752	24.37262732187043	59.95821742191628
SRR9178439	percent	0.22866471455292736	0.014940033922856958	31.85862295867891	67.8977722928453
SRR9178440	percent	0.0823737291824941	0.0069552297183759736	32.26307901856771	67.64759202253143
SRR9178441	percent	6.119175400371677	0.07441501381346835	32.571644822710816	61.234764763104046
SRR9178442	percent	4.56911331689357	0.07150864145665167	26.467651064522563	68.8917269771272
SRR9178443	percent	13.979628265135421	0.10242298575799454	31.6464978261582	54.27145092294838
SRR9178444	percent	0.06907132339389316	0.00829623339875539	35.31239942687686	64.6102330163305
SRR9178411	percent	12.75695887457211	0.15887721245734981	26.089895921908113	60.99426799106242
SRR9178445	percent	0.08005789724952633	0.00752346503883228	28.5341055557289	71.37831308198274
SRR9178373	percent	0.32496472024468953	0.020029324127633946	29.207460243494943	70.44754571213274
SRR9178371	percent	2.372633271863761	0.09445624895546331	30.652967702456074	66.8799427767247
SRR9178335	percent	18.219915487177985	0.1606379277483449	26.9863374318426	54.633109153231075
SRR9178336	percent	0.09360601582195949	0.006927540641571764	35.03239372337651	64.86707272015995
SRR9178337	percent	18.069694606349252	0.12643707829447043	29.22374849927473	52.58011981608155
SRR9178338	percent	15.23057647073485	0.11746194765259843	29.717588360086268	54.934373221526286
SRR9178339	percent	1.5051069722757204	0.08531471418139094	28.123834667536478	70.28574364600641
SRR9178353	percent	19.38869464580627	0.0995243112612012	30.27729358511178	50.234487457820755
SRR9178354	percent	0.2975893751026287	0.014716990752182519	32.285367391713635	67.40232624243156
SRR9178355	percent	0.1480476752773962	0.010694665837266446	29.774884945817963	70.06637271306737
SRR9178356	percent	6.333689377896596	0.05826258987596824	28.659956295472394	64.94809173675505
SRR9178372	percent	0.31070920865802437	0.015240067033173734	29.844332661363175	69.82971806294562
SRR9178357	percent	14.710148618706137	0.0973032888892728	25.22613170012854	59.966416392276045
SRR9178359	percent	14.831543976094869	0.09966218425643081	25.1727723602274	59.8960214794213
SRR9178360	percent	1.354546304183507	0.04816794190349713	37.03434957227195	61.56293618164105
SRR9178361	percent	4.966749608308737	0.22169474034050485	28.27833317281413	66.53322247853663
SRR9178362	percent	12.424844234696373	0.11967180241590435	27.563214775497435	59.89226918739029
SRR9178366	percent	14.651975844898823	0.06886322703676237	22.34346858777413	62.93569234029028
SRR9178367	percent	14.045462195042923	0.10162756189073056	30.394501746390507	55.45840849667584
SRR9178368	percent	18.573152829221417	0.14843690321021064	27.073157910899283	54.205252356669085
SRR9178369	percent	0.4830386849181658	0.026143152093836337	30.172411063543787	69.31840709944422
SRR9178370	percent	4.575056265851947	0.060349260101374404	31.67548150025213	63.68911297379455
SRR9178358	percent	18.763332688876687	0.15908125451077473	25.518503609913207	55.55908244669933
SRR9178456	percent	0.0772141036310694	0.007332436672758105	29.021815180923767	70.89363827877241
SRR9178457	percent	0.14075958019696455	0.009424993295672542	31.40149968575222	68.44831574075513
SRR9178458	percent	1.0833816087013515	0.049596071432313586	29.32880891211732	69.53821340774901
SRR9178494	percent	17.358327012677428	0.08978740113050895	33.359631323357505	49.19225426283455
SRR9178495	percent	0.5810756757259581	0.029239200037611216	31.13021701620877	68.25946810802765
SRR9178498	percent	2.4649744164769936	0.1007496192621045	30.175182530207458	67.25909343405345
SRR9178499	percent	0.12897695942783047	0.006816711110796036	32.9133232031586	66.95088312630278
SRR9178500	percent	6.21364818311444	0.11721132464200858	24.405350138904573	69.26379035333898
SRR9178501	percent	0.112610371668981	0.00826220731937587	29.763298384305337	70.11582903670632
SRR9178502	percent	17.23365034393535	0.11083831893651326	26.796194492599767	55.85931684452837
SRR9178503	percent	8.053410629598593	0.09558295522092801	31.961321918765584	59.889684496414894
SRR9178504	percent	4.7927651032294625	0.22533509789090694	24.028994458206125	70.9529053406735
SRR9178493	percent	11.193663488718395	0.11370287534068954	26.968370934722508	61.7242627012184
SRR9178505	percent	0.08200557915976449	0.008100735944021092	31.804581609008935	68.10531207588728
SRR9178507	percent	0.12034551762345912	0.00953263947528303	33.9855436776099	65.88457816529136
SRR9178528	percent	7.695085405911871	0.057660281233279397	23.716475072764883	68.53077924008997
SRR9178529	percent	7.891227240290164	0.10151987854601098	31.896453178668242	60.11079970249558
SRR9178530	percent	11.733187635625569	0.10770939789717304	25.23136908489897	62.927733881578284
SRR9178531	percent	15.581711375685531	0.08092733363667609	26.19567582535456	58.141685465323235
SRR9178532	percent	2.9917825951872463	0.07323696585968456	35.29844653922868	61.63653389972439
SRR9178533	percent	5.978145898700993	0.1371769720892361	29.6535733275434	64.23110380166636
SRR9178534	percent	0.08004621210787408	0.007860753327783184	34.64892296109615	65.2631700734682
SRR9178535	percent	0.25391297923925454	0.01509339756200234	28.273797203751737	71.457196419447
SRR9178506	percent	0.06952311697854718	0.007363131037607845	32.81192177861953	67.11119197336431
SRR9178492	percent	0.36403135311082385	0.019970114127730827	28.171758676596898	71.44423985616454
SRR9178491	percent	0.44055806041059903	0.021749469410583318	35.14139882217533	64.39629364800349
SRR9178490	percent	17.05814525722938	0.0888389708995644	28.75360718304926	54.099408588821795
SRR9178459	percent	1.9758911696554649	0.08812421848859259	31.68571366804519	66.25027094381075
SRR9178460	percent	0.1854365089078043	0.009564911768738731	29.597144135180287	70.20785444414317
SRR9178461	percent	13.54520625307551	0.09659579328953408	24.454010698279056	61.9041872553559
SRR9178462	percent	15.045381193203394	0.07637181902019193	26.070348497348668	58.807898490427746
SRR9178463	percent	0.09196244279249119	0.010450999543602625	31.566183932668245	68.33140262499566
SRR9178464	percent	1.1212450525188902	0.052660267766778596	27.610662605327867	71.21543207438647
SRR9178465	percent	19.47648468966283	0.12001997955060278	28.46604839608676	51.93744693469981
SRR9178476	percent	14.801044660035927	0.15364731894508205	24.13765128510399	60.907656735915
SRR9178477	percent	1.3419885977656905	0.04638051652228302	36.86325949175799	61.74837139395404
SRR9178478	percent	1.949531063662659	0.06196754916880787	26.603332516982803	71.38516887018574
SRR9178479	percent	0.7043998068143971	0.028889792198665193	30.137006669211573	69.12970373177536
SRR9178480	percent	0.15686511672301007	0.009649329324286908	33.452984352743215	66.38050120120948
SRR9178481	percent	0.09144355989762573	0.008220309447669839	35.06818641986624	64.83214971078847
SRR9178482	percent	16.46937404058187	0.14815820755639916	30.403223272652767	52.979244479208965
SRR9178483	percent	22.868673010630967	0.15312984101358126	25.016377127520034	51.96182002083541
SRR9178484	percent	6.511835176064026	0.15392184201070688	31.97790729515704	61.356335686768226
SRR9178485	percent	7.778629493971728	0.06260501889636348	27.32894311212293	64.82982237500899
SRR9178486	percent	0.2167126061385432	0.013016258711374185	32.882499100068834	66.88777203508126
SRR9178487	percent	17.536592332565625	0.15491100099412392	28.623144978906467	53.685351687533775
SRR9178488	percent	21.535141794666625	0.1670103507638573	24.964025085562476	53.33382276900704
SRR9178489	percent	0.4495065417801935	0.01927590346797721	32.123145860172464	67.40807169457936
SRR9178334	percent	14.595320250558386	0.1385893210220878	25.62118380993844	59.64490661848109
SRR17827590	percent	0.09365883491843383	0.01033840187566591	30.249364433571863	69.64663832963403
SRR9178333	percent	19.71025341994141	0.31340667835381797	29.57387890669881	50.40246099500596
SRR9178331	percent	0.18258620809569953	0.011466273491105088	32.370531128380215	67.43541639003297
SRR9178160	percent	0.32591632947710214	0.012321893523194299	28.28621662585008	71.37554515114962
SRR9178161	percent	0.6508902559601482	0.03197461206923976	32.5677502474543	66.74938488451632
SRR9178188	percent	0.11566072769890359	0.007175306707683737	33.22648166891168	66.65068229668172
SRR9178189	percent	0.7655956093288195	0.04554282076635946	32.671260271980216	66.5176012979246
SRR9178190	percent	2.4932163490152273	0.10324609179795945	30.046469668981075	67.35706789020574
SRR9178191	percent	17.115212242290138	0.11223349983333238	31.483239774794193	51.289314483082336
SRR9178192	percent	0.21567598920697356	0.013846491379895739	32.13168182161932	67.63879569779381
SRR9178193	percent	14.716302140099188	0.17829164426223565	27.961405034418966	57.14400118121961
SRR9178194	percent	13.785220199017697	0.16026443949832864	36.26660245534166	49.78791290614231
SRR9178159	percent	16.638079467690943	0.22874214097048573	31.272315233453213	51.86086315788536
SRR9178195	percent	0.21488639088627182	0.014149608273163796	31.934228802940446	67.83673519790013
SRR9178197	percent	0.6486702746574377	0.031046709327496418	32.66889593687754	66.65138707913752
SRR9178208	percent	0.2094726378540357	0.012786937295062039	29.9113673006682	69.8663731241827
SRR9178209	percent	20.825342639501933	0.11073564691472032	30.216815651485096	48.847106062098256
SRR9178210	percent	7.495325623453877	0.06204120368846713	31.49942158698602	60.94321158587164
SRR9178211	percent	20.112321478173545	0.28671239941209614	29.71322381271491	49.88774230969945
SRR9178212	percent	0.07969840793903314	0.007585422421880173	35.87103188944095	64.04168428019813
SRR9178213	percent	18.412637227868313	0.17040041688816032	25.49167402069253	55.925288334551006
SRR9178214	percent	0.11332887820215587	0.009388962954003759	23.548371527604296	76.32891063123954
SRR9178215	percent	0.5142025746189364	0.02532905130380839	30.426576024828613	69.03389234924865
SRR9178196	percent	10.191994363562461	0.07234289857703663	22.58307075168008	67.15259198618043
SRR9178216	percent	16.13037118860744	0.1976881703996357	28.03275391786289	55.63918672313003
SRR9178158	percent	8.530273319696285	0.09703256347775736	30.025716483537312	61.346977633288645
SRR9178156	percent	16.391051332128832	0.1646411394027283	30.37056501033268	53.07374251813576
SRR9178114	percent	0.13590252614945153	0.008791653675747515	30.208683123212808	69.64662269696198
SRR9178115	percent	1.5193525942312498	0.06727192191744473	30.71833206080985	67.69504342304145
SRR9178117	percent	15.580772136234128	0.22997406046990487	30.720848678006313	53.46840512528965
SRR9178118	percent	0.06976323151678052	0.007792911451902773	31.648312224752477	68.27413163227884
SRR9178119	percent	3.400884177332532	0.11333631786937083	28.072423116143252	68.41335638865485
SRR9178141	percent	8.522078435324861	0.05245528008818201	25.369914873254235	66.05555141133273
SRR9178142	percent	14.489613793526287	0.09434869908689299	24.830754164809022	60.5852833425778
SRR9178143	percent	16.406840984852973	0.10333800884736301	29.688772554780797	53.80104845151886
SRR9178144	percent	0.12960461967355633	0.008237990290312563	32.90715392147442	66.95500346856171
SRR9178157	percent	16.151478577846675	0.14007854369483538	29.85601152380777	53.85243135465072
SRR9178145	percent	13.13173672495361	0.1191126923163385	30.662575643988284	56.08657493874176
SRR9178147	percent	8.469870116317631	0.05139490226924227	25.196364170659873	66.28237081075325
SRR9178148	percent	0.16630883575716984	0.011770393459591308	31.43937783008309	68.38254294070015
SRR9178149	percent	19.49924058128197	0.08914767616361753	22.979787604443676	57.431824138110734
SRR9178150	percent	0.25760990681175017	0.013095717437753939	29.887805085530356	69.84148929022014
SRR9178151	percent	17.426520765327393	0.20332910986170247	30.72062164296693	51.64952848184397
SRR9178152	percent	19.23409834486257	0.19547646447411696	26.655096033495628	53.915329157167676
SRR9178153	percent	2.79428379878155	0.058570223487764715	22.219369430763734	74.92777654696695
SRR9178154	percent	0.1435760429809732	0.009740369653620256	28.52234972396141	71.324333863404
SRR9178155	percent	0.20399919014432508	0.011764017267965315	33.227015787387934	66.55722100519978
SRR9178146	percent	14.413935101925565	0.09294063359289279	24.90944003001768	60.58368423446387
SRR9178217	percent	0.4369927154951459	0.02381906648274907	29.504271562049695	70.03491665597241
SRR9178218	percent	21.074239748542606	0.09889160300587552	29.008404295934266	49.81846435251725
SRR9178219	percent	17.330520994653504	0.100003448099236	30.742884267305907	51.82659128994135
SRR9178280	percent	0.15886635945959765	0.009291145301215407	30.334291380815927	69.49755111442326
SRR9178281	percent	18.42798214308459	0.1186211521536148	30.433789058256288	51.019607646505506
SRR9178282	percent	14.710793091169574	0.12001687339352005	28.555055929002094	56.61413410643481
SRR9178284	percent	0.3478287240244259	0.011687131353802904	33.28607447066555	66.35440967395623
SRR9178285	percent	17.64482163729151	0.2114120059141691	29.522954704245457	52.62081165254886
SRR9178286	percent	14.353318540325594	0.3024497911298447	24.35253390413001	60.99169776441455
SRR9178287	percent	21.03190592263476	0.1114077613338433	25.817135146393934	53.03955116963747
SRR9178288	percent	0.0738316587219718	0.008221429246333104	32.269039589899926	67.64890732213176
SRR9178289	percent	2.431229637824339	0.09744055775940058	29.48749565749107	67.98383414692519
SRR9178279	percent	12.922949159523403	0.1665462555315879	31.342033005624316	55.5684715793207
SRR9178290	percent	15.605828089880733	0.15924255672200308	28.543326671828407	55.69160268156885
SRR9178292	percent	18.559781925412004	0.12477975017818174	27.87865946466325	53.43677885974656
SRR9178293	percent	0.41662815720999496	0.020337894558294413	33.49351020817408	66.06952374005763
SRR9178314	percent	15.609343439518804	0.13678829130270068	30.350537599307653	53.90333066987084
SRR9178315	percent	0.21391937308439077	0.012559321803768725	29.695227124228545	70.07829418088329
SRR9178316	percent	13.592438305822396	0.1017097282955729	23.972260011212168	62.33359195466986
SRR9178317	percent	0.0769401943914069	0.006995382641796339	32.620614121577134	67.29545030138966
SRR9178318	percent	15.160317576247326	0.08460783472339933	25.348460327493505	59.40661426153577
SRR9178319	percent	14.679073415956193	0.1615636900342709	27.207733290097817	57.95162960391171
SRR9178330	percent	17.057832983439482	0.1577973447866563	29.637142718168942	53.14722695360492
SRR9178291	percent	0.1258925740290387	0.007821717906460555	26.620966831016872	73.24531887704762
SRR9178278	percent	4.558488798740045	0.15779707128763187	29.679082384318846	65.60463174565348
SRR9178277	percent	0.08965824122271857	0.006465670430751087	32.53988363839821	67.36399244994831
SRR9178276	percent	22.292090638540802	0.09038352911275871	31.007973366601817	46.60955246574462
SRR9178220	percent	15.952416847285376	0.11548457898410071	32.69274339595676	51.239355177773774
SRR9178221	percent	0.31342916704089396	0.016886187098953058	31.76965139871728	67.90003324714287
SRR9178222	percent	0.9003705868268952	0.037342599659942355	31.414018251527263	67.6482685619859
SRR9178223	percent	0.2789375375552557	0.011722674136054443	27.43110017684935	72.27823961145934
SRR9178224	percent	18.06855843728353	0.06540663837732982	26.330756714346215	55.535278209992924
SRR9178225	percent	14.667391924137247	0.10833661997757434	30.06237201393884	55.16189944194634
SRR9178226	percent	14.700730057448993	0.15564197149998182	28.055214866259597	57.08841310479143
SRR9178227	percent	0.5188442885804687	0.01613889462075821	32.97393787311342	66.49107894368535
SRR9178228	percent	0.3155905285305536	0.01544653487387875	29.8503363821666	69.81862655442896
SRR9178229	percent	0.5870412965850583	0.030307690525639728	31.142023846403905	68.2406271664854
SRR9178230	percent	1.324070642779711	0.06980469538693615	29.153004893566564	69.45311976826679
SRR9178231	percent	4.6592350990054126	0.05772763492538344	31.867138680521514	63.415898585547694
SRR9178232	percent	2.820966083483893	0.0811990088125143	35.39249687463541	61.70533803306818
SRR9178233	percent	12.590523995417147	0.12034360977432165	28.531859125276426	58.75727326953211
SRR9178234	percent	1.1396588368095948	0.05249984914401266	26.907129254130652	71.90071205991573
SRR9178235	percent	0.7417993455323028	0.03571330011171397	30.25016894825373	68.97231840610225
SRR9178236	percent	20.383526278099644	0.09283602233337708	29.763923558568816	49.75971414099816
SRR9178237	percent	21.81187025426276	0.09063390560129693	28.62317554608153	49.47432029405441
SRR9178273	percent	15.662885372524094	0.11857359415870658	27.782421213495383	56.43611981982182
SRR9178274	percent	18.466902970381526	0.08612626114631186	29.315763157608103	52.13120761086406
SRR9178275	percent	14.249956968978383	0.1454285072462061	27.673918105155103	57.93069641862031
SRR9178332	percent	2.8072376877689718	0.08087073174855568	35.33045609686019	61.78143548362228
SRR17827589	percent	0.20378192646792395	0.01037933057649187	35.24509979023164	64.54073895272394
SRR23969167	percent	16.126421980568804	0.09915711455058718	34.899348348007436	48.87507255687317
KJ81	percent	0.43730937841847684	0.1024318037399823	9.313170042759456	90.14708877508208
KJ_43_44	percent	3.58751105401199	0.05715641011969018	43.838564140432986	52.516768395435335
KJ51	percent	0.022429751704485766	0.0068976079329505745	13.168485514104772	86.80218712625779
KJ_40_41	percent	0.5495154285000075	0.018830285677635377	7.865237648072651	91.5664166377497
ERR599088	percent	15.124650865993905	1.0053677163839294	45.90247879345256	37.967502624169605
KJ_37_38	percent	0.4092904579583189	0.017169851309500394	6.447753814049271	93.12578587668291
KJ_34_35	percent	0.702442587971222	0.024512359781853545	8.178867095610391	91.09417795663653
ERR599091	percent	4.622460422499277	1.5367530176816355	56.152403487855985	37.6883830719631
KJ_32	percent	8.82647340696925	0.08286672154010868	27.19623127619228	63.89442859529836
ERR599098	percent	20.769065915058206	0.439278096089774	43.745584046638776	35.04607194221324
KJ_31	percent	13.314555575806903	0.06680144544217322	43.70442572174818	42.91421725700274
ERR599114	percent	4.632283126765637	1.5302453563533143	56.19843957725362	37.63903193962743
KJ_29	percent	1.0531077350801994	0.028277483779297893	7.5998937156644155	91.31872106547608
KJ_28	percent	1.5048717633061541	0.032431974987110944	9.216369595144894	89.24632666656184
ERR599119	percent	4.628693318161619	1.5317728695042874	56.19474631070357	37.644787501630525
KJ_26	percent	0.27734554757660285	0.00808683834052576	1.7997066183070065	97.91486099577587
ERR599126	percent	6.488708191058072	0.2954494204831799	24.06187506124638	69.15396732721237
KJ_25	percent	0.6362115497019574	0.021053381389409997	4.056595483492152	95.28613958541648
ERR599135	percent	3.5427603968460653	0.42414232796354234	17.64421541974359	78.3888818554468
KJ_23	percent	1.1751870884434434	0.036239097164329534	7.094879037108005	91.69369477728422
KJ_22	percent	1.5226172772852886	0.027272058804584005	8.922858722212874	89.52725194169724
ERR599139	percent	21.261457390701246	0.42894900115225826	44.40677596847957	33.90281763966693
KJ_127_128	percent	0.07138364465920549	0.008339348039166746	37.42004943706465	62.50022757023699
ERR599141	percent	10.863074989113187	0.12153726021295272	44.99403659997104	44.02135115070283
KJ_126	percent	0.07537556812329803	0.009372942986490489	36.26028128094987	63.654970207940345
ERR599146	percent	1.8795429434386488	1.2589018548204356	51.74495896713385	45.11659623460707
KJ_124_125	percent	0.02483233020239698	0.005934371562745348	5.866380166632076	94.10285313160279
KJ_123	percent	0.024890179632076737	0.005483468692890469	7.665380621071968	92.30424573060306
ERR599148	percent	3.431476317034115	0.12944469848476767	22.844269782868803	73.5948092016123
KJ_121_122	percent	0.018601901914083552	0.007649380226352115	2.597920759374837	97.37582795848473
ERR599075	percent	12.870875462324605	0.13089452938887305	50.88209640987771	36.116133598408815
KJ_46_47	percent	0.10395749938656364	0.010090846658332644	7.707882330564521	92.17806932339059
KJ_49_50	percent	0.019305758391818653	0.0040385685632220395	2.5268599825944698	97.44979569045049
ERR599069	percent	7.452285060117698	3.239900610962555	49.64984264167151	39.657971687248235
ERR598976	percent	4.495528186047683	0.4821101698486309	50.003829207685946	45.018532436417736
SRR17827548	percent	0.08346976535313277	0.009500331724290042	31.455675689891493	68.4513542130311
ERR598979	percent	1.5611229861710219	1.13762138763317	43.350494463276135	53.95076116291967
SRR17827547	percent	0.13116813770706798	0.009284010707019247	29.420778038780625	70.43876981280529
SRR17827545	percent	0.11376629613963213	0.009938779794579704	35.49976811993548	64.37652680413031
ERR599002	percent	13.044871340570815	0.26332454332467	48.033632011675515	38.658172104429
SRR15713235	percent	0.8986675111589267	0.023438073289933647	12.395147290030677	86.68274712552046
ERR599010	percent	5.2550877363753505	0.2568677441878101	19.719590345866138	74.7684541735707
SRR15713234	percent	1.2303889401978831	0.023254163281095138	24.081101057669404	74.66525583885162
ERR599012	percent	10.16571345917412	1.1251091714775923	45.7544215658143	42.95475580353399
SRR15713233	percent	1.5418988087028194	0.02396712547750356	27.442164989675305	70.99196907614439
SRR15713232	percent	1.328116436475177	0.024737461917483983	23.35321902314133	75.293927078466
ERR599016	percent	12.81857287095879	0.2826195067763928	47.588976189937085	39.30983143232773
SRR15713231	percent	0.5724976155307238	0.028177818827666075	38.23600854425796	61.16331602138364
ERR599150	percent	14.46750138957959	1.449129992535367	44.67611599749821	39.40725262038684
ERR599023	percent	4.815476596698463	3.086598595870656	32.954367676725674	59.143557130705204
ERR599025	percent	5.481603932145447	2.5154544152244607	35.913221247412274	56.08972040521781
KJ_97_98	percent	0.07908231058084352	0.007042508346928746	3.8720372342474456	96.04183794682478
KJ_94_95	percent	0.17128721141329528	0.011129525960571023	6.948048850781273	92.86953441184485
ERR599026	percent	11.412294523868168	0.6764077011936285	45.39121431386887	42.52008346106933
KJ_70_71	percent	13.012991489658047	0.05874746513765906	41.89673388734052	45.03152715786378
ERR599036	percent	7.45079990066243	3.232646812810183	49.654174048751464	39.66237923777592
KJ_67_68	percent	0.08523027639798576	0.009420614042092355	37.2603479683718	62.64500114118812
ERR599038	percent	8.562166042742664	0.424033885834835	45.588340373295125	45.425459698127376
KJ_64_65	percent	0.046254298017920005	0.007515144273475786	6.400072950354454	93.54615760735415
KJ_58_59	percent	1.0028778283243969	0.16943257306779713	7.371866616617479	91.45582298199034
ERR599040	percent	2.7646155130025654	0.11021427538923216	18.899001795254375	78.22616841635383
KJ_55_56	percent	0.07114789601245353	0.008511773449935854	39.63629279798666	60.28404753255096
ERR599066	percent	4.619895192373521	1.5255731574386429	56.12396505673818	37.73056659344966
KJ_52_53	percent	0.04166026247057369	0.004613751217252263	6.652974654671641	93.30075133164053
SRR15713229	percent	1.2161513936405177	0.02551727223388819	25.664465225471545	73.09386610865405
SRR17827549	percent	0.37813638434896807	0.021483839997194918	32.45019134137856	67.15018843427526
KJ_120	percent	0.023340027759900128	0.0035281437311476937	3.174243775346417	96.79888805316253
KJ_118_119	percent	0.18233362114756194	0.006553119261694203	5.341253685552726	94.46985957403801
KJ87	percent	0.3879797691233689	0.050798491938631396	6.224039120538953	93.33718261839905
KJ8586	percent	0.6798871368388074	0.025488655841320977	4.55966260909012	94.73496159822975
KJ18	percent	6.907912483585966	0.40911107289821086	46.62338697725416	46.05958946626166
KJ84	percent	0.12115571430055885	0.01946242698430396	2.7479935866669174	97.11138827204822
KJ19	percent	15.070941901775715	0.10274744495346369	47.01584339926665	37.81046725400417
KJ8283	percent	3.0960185034033567	0.04871633556310838	12.68495608009582	84.17030908093771
KJ20	percent	19.84169345746058	0.1529539091854624	44.160912937429345	35.84443969592461
KJ21	percent	0.6346037884010363	0.0690696589322969	9.401024994624347	89.89530155804232
KJ7980	percent	16.999832820382395	0.16164401590340574	44.08646565392574	38.75205750978846
KJ78	percent	9.119369732472835	0.6317739594625005	49.95709821808724	40.29175808997742
KJ24	percent	0.3041852805014772	0.022094105492810177	4.548922277247922	95.12479833675779
KJ7677	percent	1.1812732401890012	0.031109129390576213	10.123603404468295	88.66401422595213
KJ27	percent	0.5143652288551369	0.04205211554222649	6.726792113681963	92.71679054192067
KJ75	percent	0.8188691290791349	0.053149557696920105	9.772618652915533	89.35536266030842
KJ30	percent	6.5851420613200204	0.34940250227899233	41.02717828514633	52.03827715125466
KJ7374	percent	0.9504607690412235	0.022374153780539356	4.949473451786218	94.07769162539202
KJ72	percent	0.1511870131108593	0.11167352183154614	2.813442708745645	96.92369675631195
KJ33	percent	0.1496655854048743	0.015623344461840279	5.7123659363707375	94.12234513376255
KJ69	percent	0.4146242283877143	0.042162485862077353	10.609693174896904	88.93352011085331
KJ36	percent	0.10216005213757276	0.007692827315475902	3.28744205851029	96.60270506203666
KJ66	percent	0.0667889173053991	0.017733691713668936	38.886127651905845	61.02934973907509
KJ39	percent	0.3623603444658082	0.018627875009099824	7.297175628744309	92.32183615178077
KJ63	percent	0.024183865825174605	0.012006376783488808	11.385239286233734	88.5785704711576
KJ60	percent	0.01088772597048774	0.004615994420667614	3.7499435544160513	96.23455272519278
KJ42	percent	3.1689158330761282	0.09361877568964123	42.0438049312722	54.693660459962025
KJ57	percent	0.20776301631371505	3.723956717097584	18.222876588693534	77.84540367789516
KJ45	percent	0.024948918404853106	0.016115727537874037	10.525896063525872	89.4330392905314
KJ54	percent	0.054313038448226	0.04385819342174513	47.478343535302294	52.42348523282774
KJ48	percent	0.00997723987232018	0.005745928504781983	3.1731229025257326	96.81115392909716
KJ17	percent	0.9387264812044805	0.03376793438194369	10.248512848386024	88.77899273602755
KJ88	percent	1.2584475767522687	0.02886657655918131	8.933545729548818	89.77914011713973
KJ16	percent	4.820207974829146	0.038969178467955425	15.35573860122119	79.78508424548171
KJ9	percent	0.10964546417044695	0.034027902673586984	8.954028344809057	90.90229828834691
KJ_117	percent	0.03411333272556706	0.003381925227103631	2.9155871463314935	97.04691759571583
ERR599160	percent	0.501192110259424	2.0266794845852596	37.48919883382265	59.98292957133267
KJ_115_116	percent	0.07202294695011727	0.010338079089292917	38.77813466393773	61.13950431002285
ERR599162	percent	5.749499519675121	3.1686959777659105	49.08341457227339	41.998389930285576
KJ_114	percent	0.07793867765017873	0.01033167209026501	42.096023043314105	57.81570660694545
ERR599165	percent	4.3417297430183615	0.49809433646073487	21.507669869856887	73.65250605066403
KJ_112_113	percent	0.046340894055093264	0.006442464813642531	5.455320181326842	94.49189645980442
KJ_111	percent	0.03209459145782486	0.005168560051549423	5.744947345681343	94.21778950280928
ERR599296	percent	0.010872656272818405	0.050579278328264	0.3613832779521712	99.57716478744675
KJ_109_110	percent	0.023470743942219898	0.006523590461281663	2.6425741331601906	97.32743153243631
ERR599299	percent	0.016260805498004214	0.04324268770490225	0.6920579964596748	99.24843851033742
KJ_108	percent	0.013074832989437986	0.004068120590463721	2.1614688580039383	97.82138818841617
ERR599314	percent	0.04496264765162154	0.11237457670060629	0.6200886355875582	99.22257414006022
KJ_106_107	percent	0.11299623796104882	0.025983092151471116	5.377860272811804	94.48316039707566
ERR599151	percent	7.436100188722388	3.236965661155912	49.58031261591227	39.74662153420943
KJ_105	percent	0.05673104435615215	0.021286517515833703	6.841189708414312	93.0807927297137
KJ_103_104	percent	0.7473206991012927	0.04082711059445527	42.45158150783795	56.760270682466306
KJ102	percent	0.7159777668279008	0.05518946428436489	38.98713522643445	60.24169754245329
KJ_100_101	percent	0.1549180903393693	0.04250110426843167	5.74662335360397	94.05595745178823
KJ11	percent	1.3155454318062063	0.05172792247164182	14.158817200214852	84.4739094455073
KJ99	percent	0.12504747567302643	0.014264637862460312	8.839487726520067	91.02120015994444
KJ96	percent	0.03408944383847137	0.005810700654284894	3.1850110486322443	96.775088806875
KJ12	percent	0.08811811110793225	0.012700252885544723	2.9050740060279554	96.99410762997857
KJ93	percent	0.09059007364753566	0.016456674278531563	10.084545511063325	89.80840774101061
KJ13	percent	1.2189438026681312	0.013080233442768659	5.045975838602526	93.72200012528657
KJ92	percent	12.240849882135807	0.08286106781241957	34.617736638581874	53.058552411469904
KJ14	percent	0.6518028943280897	0.015230953766793615	6.670785354897981	92.66218079700714
KJ91	percent	13.3068079224691	0.10743324038786756	44.976816897432414	41.60894193971062
KJ90	percent	2.199149954646286	0.09288249795683763	19.686641198236142	78.02132634916073
KJ15	percent	0.3195527585019274	0.042621153275462106	7.2708775483677295	92.36694853985487
KJ10	percent	1.7777306356235583	0.03813693135111289	17.99730486161501	80.18682757141032
ERR598972	percent	5.581953255211551	2.5102301370359665	36.42335419718802	55.48446241056446
ERR599080	percent	7.437093938215937	3.2515243615544316	49.606676694954146	39.704705005275486
ERR4691803	percent	0.009797072980095165	0.02351944320123527	0.4605082454116048	99.50617523840707
SRR17827577	percent	0.08841082305679042	0.008707638380927677	30.9039322546297	68.99894928393257
SRR17827563	percent	0.07702415986975102	0.009851244169218213	35.415705642371634	64.4974189535894
ERR4691759	percent	0.04632877230258796	0.14591582841400128	1.326641161666333	98.48111423761708
SRR17827578	percent	0.48545811468829103	0.024735205161491136	31.366950552759292	68.12285612739093
ERR1726731	percent	0.01628252242029953	0.012409464795286063	0.675412117897254	99.29589589488717
SRR17827562	percent	0.07274147617245884	0.009188017482914184	32.17307041163566	67.74500009470896
SRR17827579	percent	0.0663344028288769	0.009022802864747433	34.68062487749752	65.24401791680884
SRR17827561	percent	2.030103317658404	0.07974967092091323	33.849257383228895	64.04088962819179
ERR4691756	percent	0.03675405832232007	0.06635860740358236	3.954068122311222	95.94281921196287
ERR1726680	percent	0.006767919667741296	0.044028696932199976	0.5124800974628072	99.43672328593726
SRR17827560	percent	0.06589784642064052	0.009159249923789532	34.72082050989441	65.20412239376117
ERR4691814	percent	0.013218479573014766	0.05515342260801925	0.5818807965246925	99.34974730129427
SRR17827559	percent	0.0638324292262893	0.00890757037011543	33.997757198821056	65.92950280158254
ERR1726641	percent	0.006792353738238247	0.04939957927015134	0.5647555680384604	99.37905249895314
SRR17827581	percent	0.09102760661739719	0.009258989560908528	34.85444232902865	65.04527107479305
ERR4691844	percent	0.026133693839985817	0.0438356469617501	1.2802840472948671	98.6497466119034
SRR17827557	percent	0.0708173757508471	0.010344078260440768	29.907013363889284	70.01182518209943
ERR588857	percent	2.947827980617643	8.27715189670481	37.65255868459305	51.1224614380845
SRR17827580	percent	0.06769204311783471	0.009728370161606433	35.407410578775064	64.51516900794549
SRR17827583	percent	0.0828207745464982	0.009952206218586142	36.476889420972846	63.43033759826208
SRR17827564	percent	0.8033980645123697	0.035171232415458414	33.444836265431555	65.71659443764062
SRR17827576	percent	0.06364400648642768	0.009997365031718325	33.951019325968254	65.9753393025136
SRR17827572	percent	0.05638246913747031	0.00897264740454073	33.90664480529048	66.02800007816751
SRR17827571	percent	0.11247574386026932	0.011151602707881738	33.96398637253219	65.91238628089965
ERR1726937	percent	0.01819675565215316	0.01552303684959028	0.7241137616527736	99.24216644584548
SRR17827570	percent	0.06742757264744156	0.009671831966487751	35.075572208471975	64.8473283869141
ERR1726899	percent	0.005732772538303733	0.025764380271194796	0.5200469617512583	99.44845588543924
SRR17827550	percent	1.1907243105355652	0.0605159819842815	30.436378557017356	68.3123811504628
SRR17827573	percent	0.1434313171286897	0.01014635067522464	29.480567488784075	70.36585484341201
SRR17827569	percent	0.1842457050161397	0.011736455571391777	31.416785200507892	68.38723263890458
ERR1726744	percent	0.019085745414145365	0.0902239323293222	0.6339063775748911	99.25678394468164
ERR1726950	percent	0.022346476782736026	0.010478059447270274	0.6466977690397927	99.3204776947302
ERR1726892	percent	0.009946632927609608	0.03207608528249982	0.45274506078381	99.50523222100608
SRR17827568	percent	0.07573823406602724	0.00915072662330604	33.72764339834363	66.18746764096703
ERR1726979	percent	0.018500915381334034	0.036083039327519724	0.7877609058681944	99.15765513942296
SRR17827575	percent	1.093974583648001	0.05212491731341217	34.83892124634253	64.01497925269607
SRR17827566	percent	0.07393872299336603	0.011285370318350132	32.67165530423612	67.24312060245217
ERR1726800	percent	0.011764833195876795	0.026620987971264283	0.7729788214921414	99.18863535734071
ERR4691753	percent	0.12447205185522009	0.05710025829803256	5.6272495615962566	94.19117812825048
SRR17827565	percent	0.22111882706338423	0.01356213406055834	32.65510173698113	67.11021730189492
SRR17827574	percent	0.396488706260339	0.024685583175562978	29.10795162581709	70.47087408474701
ERR1726607	percent	0.022664570272132468	0.009888111839257214	0.6215538021609148	99.3458935157277
ERR1726903	percent	0.02729535257393102	0.04635413477381303	0.6824298730719253	99.24392063958032
SRR17827585	percent	0.07466224689451521	0.00956200705842037	36.104591765608696	63.81118398043837
SRR17827551	percent	0.08149094356087888	0.008994431648613965	33.92663725842866	65.98287736636185
SRR17827553	percent	0.1497456131442446	0.010687419568037312	30.624736698952116	69.2148302683356
ERR1726599	percent	0.06433148249256382	0.02699379160264849	0.8647655108241966	99.04390921508059
SRR17827584	percent	0.09472289172714465	0.011160888152989849	34.403643590445476	65.49047262967439
SRR17827552	percent	0.07196006045062843	0.010160647142209819	32.47427274906977	67.4436065433374
ERR1726601	percent	0.010408143647015783	0.03316210670168481	0.48982246887663716	99.46660728077467
SRR17827554	percent	0.07287602498609655	0.009241075088970986	33.000127442630166	66.91775545729476
SRR17827587	percent	0.6957941492639831	0.04340909609107667	32.21430154117116	67.04649521347378
ERR598970	percent	14.902987139736029	1.0674139411178118	45.34870723831888	38.68089168082728
SRR17827555	percent	0.34685964554259613	0.020153420299410287	32.61048930191671	67.02249763224128
SRR17827588	percent	5.654384869934321	0.24828350381936878	27.43949478799722	66.6578368382491
ERR598957	percent	13.563759628274171	0.055057389971462166	35.64921729217441	50.73196568957996
ERR598942	percent	2.612696829028965	0.8921055787603885	38.33777832776914	58.1574192644415
ERR1726800	reads	8719.0	19729.0	572860.0	73509390.0
SRR9178237	reads	15001001.0	62333.0	19685441.0	34025708.0
SRR9178192	reads	35763.0	2296.0	5328017.0	11215742.0
KJ102	reads	27477.0	2118.0	1496205.0	2311889.0
SRR9178236	reads	9833870.0	44788.0	14359368.0	24006178.0
KJ27	reads	22286.0	1822.0	291453.0	4017158.0
SRR9178235	reads	291915.0	14054.0	11904133.0	27142184.0
SRR9178273	reads	4458708.0	33754.0	7908741.0	16065506.0
KJ11	reads	23194.0	912.0	249630.0	1489335.0
SRR9178234	reads	347890.0	16026.0	8213617.0	21948269.0
KJ39	reads	13539.0	696.0	272647.0	3449454.0
SRR9178500	reads	1411825.0	26632.0	5545226.0	15737671.0
SRR9178193	reads	5057181.0	61269.0	9608792.0	19637240.0
SRR9178533	reads	2058405.0	47233.0	10210367.0	22116159.0
SRR9178233	reads	2706871.0	25873.0	6134142.0	12632386.0
KJ12	reads	7084.0	1021.0	233545.0	7797560.0
ERR1726744	reads	29728.0	140533.0	987374.0	154602590.0
SRR9178232	reads	468835.0	13495.0	5882113.0	10255218.0
SRR9178501	reads	27559.0	2022.0	7283936.0	17159362.0
SRR9178499	reads	58219.0	3077.0	14856768.0	30221006.0
SRR9178498	reads	958004.0	39156.0	11727483.0	26140020.0
KJ42	reads	139120.0	4110.0	1845784.0	2401131.0
SRR9178191	reads	7079496.0	46424.0	13022653.0	21215191.0
SRR9178492	reads	115042.0	6311.0	8902902.0	22577968.0
SRR9178188	reads	42571.0	2641.0	12229601.0	24531976.0
SRR9178282	reads	3176962.0	25919.0	6166787.0	12226462.0
ERR599165	reads	3849705.0	441648.0	19070322.0	65305866.0
SRR9178281	reads	3197446.0	20582.0	5280578.0	8852431.0
ERR1726899	reads	4417.0	19851.0	400687.0	76623279.0
SRR9178493	reads	4333817.0	44022.0	10441263.0	23897597.0
SRR9178280	reads	44183.0	2584.0	8436399.0	19328260.0
ERR599296	reads	15832.0	73650.0	526221.0	144997288.0
KJ45	reads	901.0	582.0	380130.0	3229766.0
SRR9178535	reads	83727.0	4977.0	9323195.0	23562784.0
SRR9178189	reads	225714.0	13427.0	9632188.0	19610815.0
KJ10	reads	36872.0	791.0	373283.0	1663159.0
ERR1726590	reads	77908.0	77840.0	2595560.0	150735749.0
SRR9178278	reads	1716196.0	59408.0	11173686.0	24699064.0
SRR9178494	reads	3590082.0	18570.0	6899502.0	10174035.0
ERR599299	reads	25182.0	66967.0	1071743.0	153699285.0
SRR9178277	reads	56951.0	4107.0	20669365.0	42789672.0
ERR1726892	reads	9501.0	30639.0	432461.0	95047160.0
SRR9178190	reads	767988.0	31803.0	9255245.0	20748067.0
SRR9178534	reads	23869.0	2344.0	10331971.0	19460841.0
SRR9178495	reads	231125.0	11630.0	12382159.0	27150456.0
SRR9178276	reads	14052989.0	56978.0	19547503.0	29382777.0
ERR599314	reads	50516.0	126254.0	696676.0	111477589.0
SRR9178275	reads	5492213.0	56051.0	10666071.0	22327627.0
SRR9178274	reads	7002204.0	32657.0	11115830.0	19766896.0
SRR9178279	reads	2506899.0	32308.0	6079983.0	10779625.0
SRR9178231	reads	1729710.0	21431.0	11830463.0	23542730.0
SRR9178230	reads	420753.0	22182.0	9264018.0	22070279.0
KJ13	reads	30939.0	332.0	128076.0	2378834.0
SRR9178531	reads	1831051.0	9510.0	3078328.0	6832394.0
SRR9178219	reads	6066513.0	35006.0	10761483.0	18141791.0
ERR1726641	reads	8643.0	62859.0	718629.0	126455892.0
KJ19	reads	610480.0	4162.0	1904475.0	1531592.0
SRR9178218	reads	13787218.0	64697.0	18977918.0	32592304.0
SRR9178507	reads	37091.0	2938.0	10474489.0	20305907.0
SRR9178217	reads	184766.0	10071.0	12474776.0	29611641.0
KJ20	reads	658346.0	5075.0	1465256.0	1189316.0
SRR9178216	reads	4438035.0	54391.0	7712801.0	15308306.0
SRR9178208	reads	65052.0	3971.0	9289014.0	21697093.0
KJ30	reads	331931.0	17612.0	2068018.0	2623044.0
SRR9178209	reads	9769339.0	51947.0	14174956.0	22914578.0
SRR9178215	reads	65308.0	3217.0	3864428.0	8767878.0
KJ21	reads	28657.0	3119.0	424525.0	4059430.0
SRR9178214	reads	37358.0	3095.0	7762541.0	25161243.0
SRR9178528	reads	2689530.0	20153.0	8289209.0	23952377.0
ERR1726601	reads	15733.0	50128.0	740418.0	150354202.0
ERR1726607	reads	23423.0	10219.0	642353.0	102670328.0
SRR9178213	reads	5273522.0	48804.0	7301013.0	16017436.0
KJ24	reads	11854.0	861.0	177270.0	3706982.0
SRR9178529	reads	2329827.0	29973.0	9417194.0	17747273.0
SRR9178212	reads	29419.0	2800.0	13241041.0	23639648.0
SRR9178530	reads	5792007.0	53170.0	12455291.0	31063841.0
SRR9178210	reads	1698980.0	14063.0	7140035.0	13814116.0
SRR9178211	reads	7850972.0	111920.0	11598745.0	19473996.0
SRR9178220	reads	4659004.0	33728.0	9548122.0	14964777.0
SRR9178506	reads	34303.0	3633.0	16189541.0	33112946.0
KJ18	reads	546742.0	32380.0	3690111.0	3645488.0
SRR9178221	reads	119349.0	6430.0	12097394.0	25855287.0
SRR9178194	reads	4127108.0	47981.0	10857729.0	14905826.0
KJ36	reads	5883.0	443.0	189311.0	5562974.0
SRR9178502	reads	6093441.0	39190.0	9474547.0	19750630.0
SRR9178229	reads	190556.0	9838.0	10108828.0	22151186.0
KJ14	reads	17503.0	409.0	179132.0	2488277.0
SRR9178228	reads	129983.0	6362.0	12294527.0	28756359.0
ERR1726731	reads	15576.0	11871.0	646105.0	94987302.0
SRR9178503	reads	2975912.0	35320.0	11810410.0	22130553.0
SRR9178227	reads	220540.0	6860.0	14015905.0	28262704.0
SRR9178195	reads	79700.0	5248.0	11844203.0	25160215.0
KJ15	reads	12071.0	1610.0	274655.0	3489131.0
SRR9178226	reads	3751170.0	39715.0	7158820.0	14567191.0
ERR1726599	reads	99415.0	41715.0	1336370.0	153058034.0
SRR9178532	reads	1013588.0	24812.0	11958784.0	20881882.0
SRR9178225	reads	6846937.0	50573.0	14033522.0	25750321.0
SRR9178504	reads	1516324.0	71291.0	7602238.0	22447917.0
KJ16	reads	163893.0	1325.0	522114.0	2712791.0
SRR9178224	reads	2666085.0	9651.0	3885204.0	8194443.0
ERR1726680	reads	2273.0	14787.0	172116.0	33395738.0
SRR9178284	reads	141993.0	4771.0	13588267.0	27087647.0
SRR9178223	reads	71860.0	3020.0	7066811.0	18620349.0
KJ17	reads	25492.0	917.0	278308.0	2410877.0
KJ33	reads	11371.0	1187.0	434003.0	7151044.0
SRR9178222	reads	305391.0	12666.0	10655122.0	22945188.0
SRR9178505	reads	15691.0	1550.0	6085509.0	13031314.0
SRR9178197	reads	328193.0	15708.0	16528741.0	33722092.0
SRR9178196	reads	2381371.0	16903.0	5276560.0	15690279.0
SRR9178444	reads	18000.0	2162.0	9202418.0	16837439.0
ERR599150	reads	33316815.0	3337162.0	102883411.0	90749889.0
SRR9178285	reads	4957713.0	59401.0	8295144.0	14785011.0
SRR9178461	reads	3467219.0	24726.0	6259588.0	15845855.0
SRR9178403	reads	287008.0	11861.0	8473759.0	16895813.0
ERR599025	reads	2164278.0	993166.0	14179462.0	22145662.0
SRR9178402	reads	8077032.0	35771.0	12731976.0	23869559.0
SRR9178462	reads	4077148.0	20696.0	7064804.0	15936353.0
SRR9178375	reads	3581662.0	29135.0	9247558.0	13083700.0
ERR599026	reads	19264844.0	1141829.0	76623913.0	71777220.0
ERR4691844	reads	36124.0	60593.0	1769707.0	136361261.0
SRR9178374	reads	161602.0	7797.0	9472508.0	20911936.0
SRR9178373	reads	102068.0	6291.0	9173756.0	22126833.0
SRR9178463	reads	23160.0	2632.0	7949689.0	17208713.0
ERR599036	reads	3415121.0	1481704.0	22759303.0	18179501.0
SRR9178372	reads	155884.0	7646.0	14973016.0	35033837.0
SRR9178464	reads	439766.0	20654.0	10829239.0	27931562.0
SRR9178404	reads	5644906.0	32135.0	10445107.0	20933827.0
SRR9178371	reads	732265.0	29152.0	9460415.0	20641134.0
SRR9178370	reads	1348123.0	17783.0	9333753.0	18767148.0
ERR4691814	reads	20986.0	87563.0	923809.0	157730228.0
SRR9178369	reads	102213.0	5532.0	6384608.0	14668064.0
ERR599040	reads	914011.0	36438.0	6248209.0	25862395.0
SRR9178465	reads	9500995.0	58548.0	13886273.0	25336062.0
SRR9178368	reads	6798161.0	54331.0	9909340.0	19840252.0
SRR9178367	reads	3398467.0	24590.0	7354312.0	13418823.0
ERR599066	reads	1884736.0	622374.0	22896376.0	15392591.0
SRR9178366	reads	2766.0	13.0	4218.0	11881.0
SRR9178476	reads	4010079.0	41628.0	6539666.0	16501843.0
ERR4691803	reads	14541.0	34908.0	683495.0	147688937.0
SRR9178362	reads	4032433.0	38839.0	8945530.0	19437794.0
ERR599069	reads	3508119.0	1525164.0	23372369.0	18668755.0
SRR9178361	reads	1560497.0	69654.0	8884735.0	20903992.0
ERR599038	reads	13113969.0	649458.0	69823930.0	69574459.0
SRR9178477	reads	419374.0	14494.0	11519839.0	19296484.0
ERR599023	reads	6030870.0	3865635.0	41271825.0	74070987.0
SRR9178405	reads	1456073.0	9583.0	2424519.0	4042728.0
SRR9178443	reads	3037157.0	22252.0	6875389.0	11790794.0
ERR598972	reads	2254004.0	1013636.0	14707824.0	22404738.0
ERR598970	reads	6317184.0	452463.0	19222732.0	16396331.0
SRR9178442	reads	1520021.0	23789.0	8805075.0	22918423.0
SRR9178445	reads	28018.0	2633.0	9986130.0	24980391.0
SRR9178441	reads	4321618.0	52555.0	23003460.0	43246556.0
ERR598976	reads	8906040.0	955103.0	99062020.0	89185705.0
SRR9178440	reads	43039.0	3634.0	16856960.0	35344821.0
SRR9178456	reads	30054.0	2854.0	11296144.0	27593889.0
SRR9178439	reads	126301.0	8252.0	17596838.0	37502754.0
ERR598979	reads	736357.0	536598.0	20447742.0	25447720.0
SRR9178438	reads	1785649.0	12330.0	2796671.0	6879989.0
ERR598957	reads	28002879.0	113668.0	73599116.0	104738003.0
SRR9178437	reads	5489479.0	45867.0	12654393.0	27332987.0
ERR588857	reads	3726155.0	10462602.0	47594117.0	64620533.0
ERR599002	reads	20762547.0	419114.0	76451543.0	61529324.0
SRR9178436	reads	3624864.0	43104.0	6949807.0	10331181.0
SRR9178411	reads	3633324.0	45250.0	7430693.0	17371847.0
SRR9178458	reads	338103.0	15478.0	9152969.0	21701567.0
ERR599010	reads	1578586.0	77161.0	5923606.0	22459841.0
SRR9178410	reads	4323332.0	45652.0	5224903.0	12344796.0
ERR598942	reads	4693005.0	1602427.0	68863476.0	104464114.0
SRR9178409	reads	140800.0	4704.0	11598136.0	22513826.0
ERR599012	reads	14810947.0	1639229.0	66661953.0	62582977.0
SRR9178408	reads	82075.0	5097.0	11169380.0	26255571.0
SRR9178459	reads	796081.0	35505.0	12766085.0	26692048.0
SRR9178407	reads	3356333.0	26145.0	6669880.0	11216474.0
ERR599016	reads	4523383.0	99730.0	16793068.0	13871546.0
SRR9178406	reads	3038567.0	42515.0	16957072.0	33261378.0
SRR9178460	reads	46820.0	2415.0	7472845.0	17726454.0
SRR9178457	reads	66340.0	4442.0	14799529.0	32259696.0
SRR9178360	reads	190297.0	6767.0	5202868.0	8648831.0
ERR599075	reads	21158873.0	215182.0	83646821.0	59372549.0
SRR9178359	reads	2494639.0	16763.0	4234015.0	10074403.0
SRR9178485	reads	2072354.0	16679.0	7280877.0	17271724.0
SRR9178319	reads	3015792.0	33193.0	5589785.0	11906069.0
ERR599139	reads	36792345.0	742284.0	76844658.0	58667858.0
SRR9178318	reads	5359554.0	29911.0	8961319.0	21001734.0
SRR9178486	reads	8025.0	482.0	1217659.0	2476895.0
SRR9178317	reads	34140.0	3104.0	14474460.0	29860422.0
ERR599141	reads	3954109.0	44239.0	16377621.0	16023568.0
SRR9178316	reads	3254523.0	24353.0	5739829.0	14924924.0
ERR1726950	reads	1109.0	520.0	32094.0	4929028.0
SRR9178487	reads	3586086.0	31678.0	5853193.0	10978204.0
SRR9178315	reads	107766.0	6327.0	14959542.0	35303289.0
ERR599146	reads	1839895.0	1232346.0	50653427.0	44164886.0
SRR9178314	reads	5087735.0	44585.0	9892504.0	17569340.0
SRR9178293	reads	136002.0	6639.0	10933453.0	21567403.0
SRR9178330	reads	4720278.0	43666.0	8201250.0	14707008.0
ERR599148	reads	6298296.0	237589.0	41929467.0	135079438.0
SRR9178292	reads	7683777.0	51659.0	11541806.0	22122905.0
ERR1726937	reads	1647.0	1405.0	65540.0	8982472.0
SRR9178291	reads	37003.0	2299.0	7824573.0	21528645.0
SRR9178489	reads	219764.0	9424.0	15705024.0	32955844.0
SRR9178290	reads	4340142.0	44287.0	7938194.0	15488410.0
SRR9178289	reads	857787.0	34379.0	10403785.0	23986072.0
ERR599151	reads	3391279.0	1476238.0	22611405.0	18126690.0
SRR9178288	reads	28396.0	3162.0	12410823.0	26018085.0
SRR9178490	reads	3450647.0	17971.0	5816491.0	10943626.0
ERR1726903	reads	34372.0	58372.0	859358.0	124974097.0
SRR9178287	reads	8104271.0	42929.0	9948174.0	20437848.0
ERR599160	reads	857613.0	3467945.0	64149502.0	102639565.0
SRR9178286	reads	3658592.0	77093.0	6207344.0	15546491.0
SRR9178491	reads	130854.0	6460.0	10437654.0	19126906.0
SRR9178488	reads	6186392.0	47977.0	7171406.0	15321187.0
ERR599135	reads	1512226.0	181045.0	7531427.0	33460266.0
SRR9178331	reads	57230.0	3594.0	10146251.0	21137023.0
ERR1726979	reads	24848.0	48462.0	1058017.0	133175541.0
SRR9178478	reads	1346573.0	42802.0	18375357.0	49306904.0
SRR9178358	reads	6673150.0	56577.0	9075616.0	19759501.0
ERR4691759	reads	69244.0	218089.0	1982827.0	147192035.0
ERR599080	reads	3394455.0	1484068.0	22641590.0	18122110.0
SRR9178357	reads	1158026.0	7660.0	1985875.0	4720732.0
SRR9178479	reads	254405.0	10434.0	10884451.0	24967273.0
SRR9178356	reads	2296268.0	21123.0	10390617.0	23546817.0
ERR599088	reads	6324681.0	420415.0	19195057.0	15876885.0
SRR9178355	reads	56037.0	4048.0	11269986.0	26520574.0
SRR9178480	reads	62978.0	3874.0	13430660.0	26650356.0
SRR9178354	reads	98172.0	4855.0	10650646.0	22235408.0
ERR599091	reads	1880221.0	625086.0	22840418.0	15330037.0
SRR9178353	reads	10390581.0	53336.0	16225882.0	26921127.0
ERR4691756	reads	44915.0	81093.0	4832037.0	117246147.0
SRR9178339	reads	378470.0	21453.0	7071941.0	17673857.0
SRR9178481	reads	34062.0	3062.0	13062621.0	24149461.0
ERR599098	reads	6058884.0	128149.0	12761740.0	10223863.0
SRR9178484	reads	2492634.0	58919.0	12240669.0	23486296.0
SRR9178332	reads	1017775.0	29320.0	12809195.0	22399101.0
ERR599126	reads	13027845.0	593195.0	48310753.0	138845382.0
SRR9178333	reads	6036844.0	95990.0	9057869.0	15437234.0
SRR9178334	reads	4920034.0	46718.0	8636816.0	20106100.0
SRR9178483	reads	6337465.0	42436.0	6932646.0	14399883.0
ERR599162	reads	10643684.0	5866006.0	90865014.0	77748957.0
ERR599119	reads	1934984.0	640344.0	23491713.0	15737068.0
ERR4691753	reads	198047.0	90852.0	8953495.0	149867219.0
SRR9178482	reads	5530135.0	49749.0	10208884.0	17789527.0
SRR9178336	reads	51684.0	3825.0	19342926.0	35815965.0
ERR599114	reads	1895747.0	626248.0	22999031.0	15403653.0
SRR9178337	reads	7707666.0	53932.0	12465451.0	22428160.0
SRR9178338	reads	4766316.0	36759.0	9299938.0	17191377.0
SRR9178335	reads	5371451.0	47358.0	7955898.0	16106500.0
SRR9178161	reads	263942.0	12966.0	13206523.0	27067491.0
SRR17827589	reads	76217.0	3882.0	13182110.0	24139047.0
SRR9178160	reads	87074.0	3292.0	7557136.0	19069171.0
SRR23969141	reads	3050691.0	114299.0	5580785.0	9855390.0
SRR23969142	reads	3223100.0	26751.0	6251234.0	9734130.0
SRR17827547	reads	29161.0	2064.0	6540760.0	15659786.0
SRR23969143	reads	3229171.0	42724.0	4553740.0	8365135.0
SRR23969144	reads	5695148.0	76522.0	7355365.0	16510242.0
SRR17827545	reads	38232.0	3340.0	11929958.0	21634205.0
SRR23969145	reads	4558870.0	44639.0	5787355.0	10362972.0
SRR17827548	reads	30215.0	3439.0	11386557.0	24778525.0
SRR23969146	reads	2432626.0	42574.0	6745423.0	11923809.0
SRR23969147	reads	1604834.0	29607.0	3673920.0	10728742.0
SRR23969148	reads	3107845.0	26330.0	5805074.0	9269494.0
SRR15713234	reads	294341.0	5563.0	5760825.0	17861869.0
SRR23969149	reads	4172483.0	28531.0	7955666.0	11030241.0
SRR23969150	reads	2145132.0	13542.0	4799853.0	9742573.0
SRR15713233	reads	374166.0	5816.0	6659273.0	17227318.0
SRR23969151	reads	950548.0	21368.0	6041737.0	11344115.0
SRR15713235	reads	184311.0	4807.0	2542166.0	17778081.0
SRR23969140	reads	2351648.0	106556.0	14958088.0	31416444.0
SRR23969139	reads	3470562.0	25294.0	6243996.0	11292197.0
SRR17827549	reads	76353.0	4338.0	6552317.0	13558913.0
SRR17827661	reads	30784.0	1945.0	5423836.0	11960501.0
SRR17827663	reads	23780.0	1847.0	6090463.0	11134297.0
SRR17827554	reads	27002.0	3424.0	12227196.0	24794344.0
SRR17827664	reads	27178.0	2418.0	7853208.0	13915645.0
SRR17827665	reads	28756.0	3854.0	12976032.0	26466138.0
SRR17827553	reads	23371.0	1668.0	4779644.0	10802452.0
SRR17827666	reads	90853.0	4911.0	6348087.0	14651445.0
SRR17827667	reads	87055.0	4871.0	8584535.0	19005678.0
SRR17827552	reads	24115.0	3405.0	10882663.0	22601462.0
SRR17827668	reads	975069.0	53441.0	11665725.0	24760350.0
SRR17827669	reads	25016.0	3429.0	12673740.0	25668668.0
SRR17827551	reads	15212.0	1679.0	6333121.0	12317093.0
SRR17827670	reads	21065.0	2732.0	11046063.0	21514953.0
SRR17827671	reads	38723.0	2511.0	5456326.0	11720067.0
SRR17827550	reads	246405.0	12523.0	6298415.0	14136364.0
SRR17827672	reads	19704.0	1527.0	6419864.0	11963280.0
SRR23969138	reads	19325.0	1909.0	4500702.0	12654454.0
SRR23969152	reads	7564559.0	36506.0	10154553.0	19866494.0
SRR15713232	reads	280737.0	5229.0	4936399.0	15915616.0
SRR23969153	reads	2478515.0	21668.0	5256933.0	10886697.0
SRR23969154	reads	17428.0	1323.0	4281379.0	14540532.0
KJ_58_59	reads	17473.0	2952.0	128439.0	1593422.0
SRR23969169	reads	4374087.0	20177.0	8370568.0	13099827.0
SRR23969170	reads	32522.0	1889.0	4788852.0	15253818.0
KJ_55_56	reads	4054.0	485.0	2258472.0	3434979.0
SRR23969171	reads	2788059.0	21649.0	6313184.0	14524582.0
SRR23969172	reads	1429303.0	15393.0	4695596.0	12029266.0
KJ_52_53	reads	1526.0	169.0	243696.0	3417572.0
SRR23969173	reads	4077856.0	37895.0	6254243.0	14538836.0
SRR23969174	reads	1318211.0	32737.0	4731086.0	12046954.0
KJ_49_50	reads	827.0	173.0	108243.0	4174453.0
SRR23969175	reads	19858.0	1610.0	2615869.0	12085588.0
SRR23969176	reads	4147779.0	58057.0	5084788.0	11384365.0
KJ_46_47	reads	1432.0	139.0	106175.0	1269740.0
SRR23969177	reads	3194651.0	42507.0	12909951.0	26977587.0
SRR23969178	reads	3537106.0	119809.0	5738967.0	11185446.0
KJ_43_44	reads	285274.0	4545.0	3485983.0	4176062.0
SRR23969179	reads	4101851.0	31504.0	5892639.0	11240363.0
SRR23969168	reads	4513684.0	31098.0	7984982.0	15482869.0
SRR17827555	reads	132576.0	7703.0	12464316.0	25617205.0
SRR23969167	reads	3065508.0	18849.0	6634096.0	9290773.0
SRR23969166	reads	4507569.0	29651.0	9147189.0	13675101.0
SRR15713231	reads	137406.0	6763.0	9177081.0	14679898.0
SRR23969155	reads	4827452.0	39341.0	8588849.0	15154130.0
SRR23969156	reads	1948581.0	22987.0	3850758.0	7223919.0
SRR15713229	reads	297112.0	6234.0	6269960.0	17857205.0
SRR23969157	reads	629912.0	32866.0	5254721.0	13781407.0
SRR23969158	reads	4044723.0	31524.0	8010619.0	12819155.0
KJ_97_98	reads	4065.0	362.0	199031.0	4936756.0
SRR23969159	reads	3646604.0	27342.0	9435949.0	13153090.0
SRR23969160	reads	776264.0	37852.0	5120485.0	11894000.0
KJ_94_95	reads	7649.0	497.0	310272.0	4147181.0
SRR23969161	reads	4955217.0	28051.0	10414723.0	16527586.0
SRR23969162	reads	1696112.0	40608.0	6150470.0	18064725.0
KJ_70_71	reads	1003428.0	4530.0	3230645.0	3472368.0
SRR23969163	reads	2463834.0	24829.0	6167666.0	13063504.0
SRR23969164	reads	1151850.0	30527.0	5549056.0	14420547.0
KJ_67_68	reads	4216.0	466.0	1843120.0	3098797.0
SRR23969165	reads	18479.0	1985.0	7782277.0	18154794.0
KJ_64_65	reads	1471.0	239.0	203538.0	2974997.0
SRR23969180	reads	2627061.0	25126.0	5177982.0	8177182.0
SRR17827659	reads	21686.0	2872.0	11212944.0	22038918.0
SRR17827557	reads	24256.0	3543.0	10243595.0	23980087.0
SRR17827608	reads	190566.0	10238.0	5371430.0	13026819.0
SRR17827578	reads	177676.0	9053.0	11480196.0	24932731.0
SRR17827610	reads	304496.0	6820.0	7974593.0	17714143.0
SRR17827611	reads	205344.0	10928.0	3202264.0	12253809.0
SRR17827577	reads	31404.0	3093.0	10977243.0	24508798.0
SRR17827612	reads	29042.0	3011.0	10656876.0	21078471.0
SRR17827613	reads	60332.0	3841.0	11048064.0	21866614.0
SRR17827607	reads	13717.0	1805.0	6414009.0	10950078.0
SRR17827576	reads	25598.0	4021.0	13655303.0	26535676.0
SRR17827615	reads	22205.0	3153.0	12555396.0	23936611.0
SRR17827575	reads	204062.0	9723.0	6498597.0	11940885.0
SRR17827616	reads	970893.0	17556.0	6172792.0	12093795.0
SRR17827617	reads	26022.0	2345.0	6984749.0	13606434.0
SRR17827574	reads	92900.0	5784.0	6820191.0	16511805.0
SRR17827618	reads	21376.0	2809.0	10279989.0	22495512.0
SRR17827619	reads	17942.0	1951.0	7453196.0	14203051.0
SRR17827614	reads	23084.0	3185.0	10448266.0	20273959.0
SRR17827579	reads	13226.0	1799.0	6914752.0	13008595.0
SRR17827606	reads	47304.0	4712.0	12554763.0	28896007.0
SRR17827603	reads	940795.0	36889.0	12084487.0	25656777.0
SRR17827590	reads	41238.0	4552.0	13318800.0	30665426.0
SRR17827587	reads	166619.0	10395.0	7714228.0	16055352.0
SRR17827591	reads	14943.0	1654.0	5540970.0	14039736.0
SRR17827592	reads	34252.0	4577.0	15351307.0	27610272.0
SRR17827585	reads	11970.0	1533.0	5788360.0	10230336.0
SRR17827593	reads	29352.0	3666.0	13682451.0	23294432.0
SRR17827594	reads	19749.0	1854.0	7183601.0	14097325.0
SRR17827584	reads	17025.0	2006.0	6183532.0	11770917.0
SRR17827596	reads	20988.0	3001.0	10327850.0	20724850.0
SRR17827597	reads	30540.0	3333.0	11036232.0	22311952.0
SRR17827583	reads	24641.0	2961.0	10852676.0	18871919.0
SRR17827598	reads	275944.0	13628.0	9751867.0	20810495.0
SRR17827599	reads	23250.0	3775.0	13205355.0	25756407.0
SRR17827581	reads	20626.0	2098.0	7897689.0	14738647.0
SRR17827600	reads	951032.0	35737.0	10303364.0	20673122.0
SRR17827601	reads	22387.0	2185.0	7389505.0	14404824.0
SRR17827580	reads	18815.0	2704.0	9841488.0	17931988.0
SRR17827573	reads	21996.0	1556.0	4521011.0	10791000.0
SRR17827620	reads	19931.0	2132.0	7077971.0	17810893.0
SRR17827621	reads	23984.0	3085.0	9922691.0	20780615.0
SRR17827572	reads	15609.0	2484.0	9386762.0	18279282.0
SRR17827641	reads	64123.0	3905.0	9181356.0	17899218.0
SRR17827644	reads	15577.0	1635.0	6670332.0	11989866.0
SRR17827563	reads	30149.0	3856.0	13862509.0	25245750.0
SRR17827645	reads	56803.0	3295.0	4781166.0	13396258.0
SRR17827646	reads	23579.0	1759.0	5600155.0	11603640.0
SRR17827562	reads	26229.0	3313.0	11600912.0	24427379.0
SRR17827647	reads	513482.0	23492.0	5712221.0	12745861.0
SRR17827649	reads	21660.0	2816.0	10941868.0	19984791.0
SRR17827561	reads	399862.0	15708.0	6667164.0	12613899.0
SRR17827650	reads	29315.0	3589.0	12173936.0	24260450.0
SRR17827651	reads	21354.0	2669.0	8958652.0	18099170.0
SRR17827560	reads	14598.0	2029.0	7691519.0	14444323.0
SRR17827653	reads	39425.0	4537.0	16045500.0	32921645.0
SRR17827654	reads	42871.0	4113.0	13325703.0	36031397.0
SRR17827559	reads	10312.0	1439.0	5492269.0	10650778.0
SRR17827655	reads	27232.0	3400.0	12612158.0	22997680.0
SRR17827656	reads	23558.0	3006.0	10817679.0	20394821.0
SRR17827564	reads	252318.0	11046.0	10503802.0	20639183.0
SRR17827657	reads	262032.0	15236.0	7596982.0	17076531.0
SRR17827638	reads	173248.0	7778.0	9844861.0	19618174.0
SRR17827565	reads	69048.0	4235.0	10197094.0	20956272.0
SRR17827622	reads	15633.0	2051.0	6166008.0	11941901.0
SRR17827623	reads	27908.0	3904.0	14000616.0	25707938.0
SRR17827571	reads	44066.0	4369.0	13306487.0	25823303.0
SRR17827624	reads	238503.0	12107.0	10105672.0	20840107.0
SRR17827625	reads	1224768.0	19190.0	5994995.0	12516583.0
SRR17827570	reads	30131.0	4322.0	15674034.0	28977980.0
SRR17827626	reads	31289.0	3456.0	11614275.0	22700141.0
SRR17827628	reads	232889.0	11250.0	7335476.0	15493184.0
SRR17827569	reads	30989.0	1974.0	5284111.0	11502314.0
SRR17827629	reads	20756.0	1943.0	6232393.0	12858277.0
SRR17827630	reads	19496.0	1941.0	7852722.0	18649893.0
SRR17827568	reads	16479.0	1991.0	7338405.0	14400960.0
SRR17827631	reads	21705.0	2651.0	9802347.0	22637425.0
SRR17827632	reads	429593.0	17970.0	6379253.0	13379855.0
SRR17827566	reads	28369.0	4330.0	12535545.0	25800014.0
SRR17827633	reads	31177.0	2120.0	5303885.0	14119206.0
SRR17827634	reads	14976.0	1608.0	7111062.0	13499502.0
SRR17827637	reads	25070.0	3598.0	9039551.0	20745935.0
KJ48	reads	415.0	239.0	131985.0	4026828.0
KJ_40_41	reads	33414.0	1145.0	478256.0	5567815.0
SRR23969182	reads	2917435.0	16663.0	5948999.0	11311531.0
SRR9178100	reads	3111284.0	28033.0	7524948.0	10304309.0
KJ88	reads	39105.0	897.0	277601.0	2789797.0
SRR9178101	reads	91722.0	4445.0	11597076.0	27626431.0
SRR9178102	reads	2559037.0	23546.0	7830909.0	19133643.0
KJ87	reads	11571.0	1515.0	185624.0	2783662.0
SRR9178103	reads	13322861.0	45053.0	18828570.0	29414180.0
SRR9178104	reads	10261902.0	56891.0	13959973.0	26157871.0
SRR9178098	reads	129045.0	6350.0	7727138.0	17749375.0
KJ8586	reads	17925.0	672.0	120214.0	2497656.0
SRR9178106	reads	5936443.0	44038.0	9058842.0	17688052.0
KJ84	reads	4314.0	693.0	97848.0	3457852.0
SRR9178107	reads	64522.0	3865.0	10165944.0	22380130.0
SRR9178108	reads	363947.0	7583.0	2871712.0	9414979.0
KJ8283	reads	84397.0	1328.0	345790.0	2294470.0
SRR9178109	reads	5681515.0	39627.0	9145099.0	17798679.0
SRR9178110	reads	68462.0	3947.0	10142048.0	21922271.0
SRR9178105	reads	4456359.0	35969.0	8218158.0	19632946.0
KJ9	reads	10614.0	3294.0	866776.0	8799607.0
SRR9178097	reads	4222051.0	54173.0	9619668.0	17096854.0
SRR9178096	reads	859506.0	25937.0	11845487.0	23557398.0
SRR9178085	reads	6935044.0	53339.0	11102782.0	19042616.0
KJ99	reads	4988.0	569.0	352597.0	3630731.0
SRR9178086	reads	219547.0	13832.0	9158062.0	21476914.0
SRR9178087	reads	1690029.0	47340.0	10799529.0	26338826.0
KJ96	reads	1232.0	210.0	115107.0	3497473.0
SRR9178088	reads	1011663.0	34432.0	14136025.0	39541116.0
SRR9178089	reads	4105744.0	24156.0	7402515.0	16111825.0
KJ93	reads	3468.0	630.0	386060.0	3438076.0
SRR9178090	reads	1054884.0	37187.0	10835505.0	20673608.0
SRR9178091	reads	92393.0	5536.0	20823172.0	42709635.0
KJ92	reads	431364.0	2920.0	1219919.0	1869768.0
SRR9178092	reads	4828947.0	37128.0	9395826.0	22035771.0
SRR9178093	reads	2278412.0	16033.0	3598966.0	8753280.0
KJ91	reads	499656.0	4034.0	1688830.0	1562370.0
SRR9178094	reads	3932875.0	33871.0	7521417.0	17161035.0
SRR9178095	reads	17715.0	1540.0	6865433.0	12512672.0
KJ90	reads	156716.0	6619.0	1402911.0	5559962.0
KJ81	reads	15395.0	3606.0	327860.0	3173530.0
SRR9178111	reads	145099.0	7517.0	12922768.0	24339900.0
SRR17827588	reads	956504.0	42000.0	4641705.0	11275937.0
SRR9178112	reads	4219006.0	47473.0	8352169.0	17774248.0
KJ66	reads	2787.0	740.0	1622659.0	2546662.0
SRR9178149	reads	5163551.0	23607.0	6085227.0	15208395.0
SRR9178150	reads	70620.0	3590.0	8193306.0	19146026.0
KJ63	reads	848.0	421.0	399220.0	3105981.0
SRR9178151	reads	5177584.0	60411.0	9127387.0	15345563.0
SRR9178152	reads	6388851.0	64930.0	8853830.0	17908664.0
KJ60	reads	434.0	184.0	149478.0	3836044.0
SRR9178153	reads	530993.0	11130.0	4222309.0	14238398.0
SRR9178154	reads	64253.0	4359.0	12764292.0	31918991.0
KJ57	reads	5557.0	99604.0	487404.0	2082117.0
SRR9178155	reads	10630.0	613.0	1731395.0	3468167.0
SRR9178156	reads	3962338.0	39800.0	7341716.0	12829934.0
KJ54	reads	2291.0	1850.0	2002703.0	2211296.0
SRR9178157	reads	4671617.0	40516.0	8635485.0	15576155.0
SRR9178158	reads	3167977.0	36036.0	11150965.0	22783070.0
KJ51	reads	1343.0	413.0	788474.0	5197353.0
SRR9178159	reads	3734768.0	51346.0	7019731.0	11641265.0
SRR9178148	reads	58736.0	4157.0	11103579.0	24150954.0
SRR9178084	reads	20417.0	2479.0	9628769.0	18387253.0
SRR9178147	reads	1905745.0	11564.0	5669254.0	14913723.0
SRR9178146	reads	1216972.0	7847.0	2103110.0	5115095.0
KJ7980	reads	764679.0	7271.0	1983078.0	1743128.0
SRR9178113	reads	305705.0	13646.0	6132031.0	13400462.0
SRR9178114	reads	38027.0	2460.0	8452717.0	19487880.0
KJ78	reads	491554.0	34054.0	2692797.0	2171814.0
SRR9178115	reads	646096.0	28607.0	13062795.0	28786930.0
SRR9178117	reads	4351523.0	64229.0	8579965.0	14933085.0
KJ7677	reads	37858.0	997.0	324446.0	2841546.0
SRR9178118	reads	15899.0	1776.0	7212632.0	15559635.0
SRR9178119	reads	1395206.0	46496.0	11516656.0	28066444.0
KJ75	reads	37146.0	2411.0	443311.0	4053388.0
SRR9178141	reads	859108.0	5288.0	2557533.0	6659039.0
SRR9178142	reads	2731948.0	17789.0	4681721.0	11423068.0
KJ7374	reads	22642.0	533.0	117907.0	2241131.0
SRR9178143	reads	3407335.0	21461.0	6165696.0	11173278.0
SRR9178144	reads	36295.0	2307.0	9215452.0	18750349.0
KJ72	reads	6627.0	4895.0	123322.0	4248469.0
SRR9178145	reads	3721034.0	33752.0	8688606.0	15892799.0
KJ69	reads	23513.0	2391.0	601667.0	5043347.0
SRR23969181	reads	2643162.0	18892.0	5063851.0	9906716.0
KJ_100_101	reads	10392.0	2851.0	385487.0	6309331.0
SRR9178082	reads	7351369.0	37250.0	10369080.0	19926980.0
KJ_25	reads	38227.0	1265.0	243742.0	5725302.0
SRR23969197	reads	3116696.0	53693.0	9764589.0	38328407.0
SRR23969198	reads	3716853.0	29617.0	10222863.0	15798208.0
KJ_23	reads	68003.0	2097.0	410550.0	5305918.0
SRR23969199	reads	12153.0	1542.0	4427741.0	15649620.0
SRR23969200	reads	3182825.0	25982.0	7548391.0	14086817.0
KJ_22	reads	76823.0	1376.0	450199.0	4517059.0
SRR23969196	reads	2414058.0	23680.0	4778381.0	9876087.0
SRR23969201	reads	4408262.0	55435.0	4815149.0	9690032.0
KJ_127_128	reads	4862.0	568.0	2548711.0	4256943.0
SRR23969203	reads	759689.0	36395.0	4036228.0	14594320.0
SRR23969204	reads	3641974.0	39556.0	6603876.0	10440904.0
KJ_126	reads	4230.0	526.0	2034890.0	3572252.0
SRR23969205	reads	2373986.0	28475.0	4414111.0	11882104.0
SRR23969206	reads	5035709.0	35009.0	9363545.0	15493088.0
KJ_124_125	reads	1565.0	374.0	369715.0	5930614.0
SRR23969202	reads	2082626.0	24174.0	3371105.0	6554702.0
SRR23969195	reads	5878912.0	43975.0	10464055.0	16808704.0
KJ_26	reads	20166.0	588.0	130858.0	7119462.0
SRR23969194	reads	587567.0	24568.0	4400856.0	12942075.0
KJ_37_38	reads	19833.0	832.0	312439.0	4512599.0
SRR23969183	reads	3289183.0	24822.0	6149445.0	10473678.0
SRR23969184	reads	2637803.0	72896.0	5946359.0	11103486.0
KJ_34_35	reads	36308.0	1267.0	422751.0	4708495.0
SRR23969185	reads	1720582.0	48233.0	5275835.0	12973045.0
SRR23969186	reads	1986344.0	38845.0	4934887.0	12856318.0
KJ_32	reads	729515.0	6849.0	2247790.0	5280925.0
SRR23969187	reads	13835.0	1567.0	5623531.0	14006263.0
SRR23969188	reads	128021.0	7453.0	4947597.0	13375101.0
KJ_31	reads	951133.0	4772.0	3122051.0	3065602.0
SRR23969189	reads	4306653.0	24554.0	7926321.0	18688284.0
SRR23969190	reads	2411180.0	39513.0	5730798.0	16872209.0
KJ_29	reads	69121.0	1856.0	498821.0	5993728.0
SRR23969191	reads	1942436.0	38010.0	3915649.0	11422776.0
SRR23969192	reads	2891427.0	20553.0	6196563.0	10981089.0
KJ_28	reads	117719.0	2537.0	720953.0	6981318.0
SRR23969193	reads	954391.0	7896.0	5979589.0	12601410.0
SRR23969207	reads	2797373.0	22664.0	5058286.0	10474853.0
SRR23969208	reads	3694029.0	23520.0	8006473.0	9688576.0
KJ_123	reads	1566.0	345.0	482278.0	5807449.0
SRR23969209	reads	2230203.0	33010.0	6295790.0	17240556.0
SRR23969224	reads	2827721.0	19008.0	5878422.0	9897948.0
KJ_111	reads	2074.0	334.0	371247.0	6088493.0
SRR23969225	reads	2575848.0	27674.0	5573143.0	8710252.0
SRR23969226	reads	5923204.0	54744.0	9631931.0	19966422.0
KJ_109_110	reads	993.0	276.0	111802.0	4117728.0
SRR23969227	reads	3828813.0	24204.0	7734940.0	12691894.0
SRR23969228	reads	2423175.0	30729.0	4728511.0	9366408.0
KJ_108	reads	736.0	229.0	121672.0	5506498.0
SRR23969229	reads	3508967.0	92841.0	5688088.0	10328114.0
SRR23969230	reads	4109078.0	26048.0	8467158.0	15765429.0
KJ_106_107	reads	3179.0	731.0	151299.0	2658159.0
SRR9178068	reads	27762.0	2773.0	12737307.0	25859480.0
SRR9178079	reads	33298.0	2910.0	11778382.0	28150826.0
KJ_105	reads	573.0	215.0	69098.0	940143.0
SRR9178080	reads	26435.0	2684.0	11247662.0	21357739.0
SRR9178081	reads	77560.0	3247.0	9769777.0	38551330.0
KJ_103_104	reads	64377.0	3517.0	3656938.0	4889542.0
SRR23969223	reads	2190103.0	48097.0	6220928.0	12802431.0
SRR9178083	reads	2841960.0	71546.0	8994059.0	19127286.0
KJ_112_113	reads	2273.0	316.0	267581.0	4634785.0
SRR23969221	reads	6367216.0	48796.0	12262013.0	27090973.0
SRR23969210	reads	3640611.0	115769.0	5933198.0	11277050.0
KJ_121_122	reads	214.0	88.0	29887.0	1120231.0
SRR23969211	reads	2073442.0	59680.0	9237747.0	21550642.0
SRR23969212	reads	2580836.0	9380.0	4920978.0	12096225.0
KJ_120	reads	602.0	91.0	81872.0	2496695.0
SRR23969213	reads	7023502.0	71756.0	9954501.0	19367433.0
SRR23969214	reads	2353719.0	31210.0	5599774.0	11508556.0
KJ_118_119	reads	3951.0	142.0	115740.0	2047074.0
SRR23969215	reads	58856.0	4008.0	5259932.0	14915756.0
SRR23969216	reads	3178284.0	23221.0	4699663.0	14339845.0
KJ_117	reads	464.0	46.0	39657.0	1320005.0
SRR23969217	reads	1801546.0	12814.0	3210142.0	5848155.0
SRR23969218	reads	6842124.0	49552.0	13048572.0	25238920.0
KJ_115_116	reads	4821.0	692.0	2595692.0	4092495.0
SRR23969219	reads	3036051.0	38613.0	4407674.0	9324486.0
SRR23969220	reads	6002017.0	30891.0	8387002.0	18065785.0
KJ_114	reads	6133.0	813.0	3312539.0	4549522.0
SRR23969222	reads	4167609.0	49753.0	8522307.0	15820631.0
SRR9178536	reads	1543252.0	38715.0	9648408.0	23017814.0
