position	qual	coverage	A	T	C	G	a	t	c	g	sample	ref
6594	282	1146	572	0	9	1	559	2	3	0	9313-A	G
37325	290	977	2	0	480	0	0	1	492	2	9313-A	T
135039	290	1475	2	790	0	5	0	676	0	2	9313-A	T
155268	290	1376	8	641	0	0	2	725	0	0	9313-A	C
203465	282	1215	601	0	1	0	612	1	0	0	9313-A	G
279341	290	1456	0	1	0	686	0	1	0	768	9313-A	T
354568	290	1298	0	689	1	0	1	606	1	0	9313-A	C
356155	290	1470	703	0	9	3	735	0	20	0	9313-A	C
356157	290	1472	0	0	713	1	21	0	734	3	9313-A	A
366808	290	886	0	1	1	310	0	1	0	573	9313-A	T
396304	290	1041	3	534	0	1	0	469	0	34	9313-A	G
396344	290	603	0	101	0	27	1	466	0	8	9313-A	G
423202	290	1314	4	625	0	0	0	685	0	0	9313-A	C
430476	290	1020	487	0	5	1	527	0	0	0	9313-A	G
432484	290	1618	2	743	0	2	0	847	1	23	9313-A	T
432532	290	1618	718	1	0	0	897	1	1	0	9313-A	C
439332	290	1411	0	1	1	703	0	2	0	704	9313-A	C
459873	290	1111	0	19	3	516	0	28	0	545	9313-A	G
479262	290	1499	0	1	0	805	0	0	0	693	9313-A	A
479598	282	1306	631	0	2	0	669	3	0	1	9313-A	C
488175	282	1275	1	672	0	1	0	601	0	0	9313-A	C
668537	290	1196	0	581	0	0	2	612	0	1	9313-A	C
668546	290	1259	1	610	0	0	0	646	0	2	9313-A	C
717991	290	1221	620	1	2	0	572	3	23	0	9313-A	C
731218	290	1647	4	832	0	1	1	808	0	1	9313-A	G
801014	290	1344	1	0	673	0	0	0	670	0	9313-A	T
883812	290	1464	0	1	3	729	0	5	0	726	9313-A	G
883984	290	1341	2	0	653	0	3	1	681	1	9313-A	T
893064	290	1404	653	0	0	0	741	5	5	0	9313-A	C
927483	290	986	476	1	0	0	504	4	1	0	9313-A	T
946977	290	1382	2	0	676	0	0	0	703	1	9313-A	C
957390	290	1525	0	0	768	0	1	0	755	1	9313-A	A
966175	290	1392	0	0	2	681	0	1	1	707	9313-A	C
967303	282	1303	648	2	12	1	638	0	2	0	9313-A	C
982623	290	1534	1	0	727	0	0	0	805	1	9313-A	A
986500	290	187	0	0	0	0	0	0	186	1	9313-A	A
986505	290	183	0	0	0	0	0	0	0	183	9313-A	A
986509	290	186	0	0	0	0	0	0	0	186	9313-A	C
1096316	290	1542	884	0	0	1	651	0	3	3	9313-A	G
1153667	290	1566	781	1	0	0	779	4	1	0	9313-A	A
1179148	290	1176	3	499	0	4	0	670	0	0	9313-A	A
1212428	22	12	0	0	8	0	0	0	0	4	9313-A	G
1255950	290	1159	1	0	627	0	1	0	528	2	9313-A	C
1323034	282	1387	1	647	0	7	1	722	0	9	9313-A	C
1323035	290	1392	1	653	1	2	0	731	1	3	9313-A	C
1331097	282	1356	3	0	622	2	3	0	724	2	9313-A	T
1422139	282	1390	2	690	0	2	1	693	0	2	9313-A	C
1496923	290	1497	5	0	750	0	4	0	738	0	9313-A	T
1499629	290	1405	0	1	0	663	0	1	0	740	9313-A	A
1624468	290	1308	0	0	1	604	0	0	0	703	9313-A	C
1643190	282	1246	627	5	0	2	593	3	15	1	9313-A	T
1668233	290	1280	0	1	0	647	0	1	0	631	9313-A	A
1675730	282	1339	0	614	0	2	1	689	2	31	9313-A	T
1717117	282	419	0	0	25	1	1	0	390	2	9313-A	T
1717119	290	417	0	0	26	0	1	0	388	2	9313-A	G
1717120	282	417	0	0	26	0	1	1	388	1	9313-A	G
1717122	282	481	70	0	0	0	392	1	16	2	9313-A	G
1717588	282	1339	0	0	0	561	0	2	1	775	9313-A	A
1817537	290	770	0	0	0	410	0	1	1	358	9313-A	C
1823383	41	2	0	0	0	0	0	0	2	0	9313-A	T
1967007	282	1364	1	0	1	699	0	4	0	659	9313-A	C
2015908	282	1494	2	741	0	0	1	744	1	5	9313-A	C
2055712	290	748	235	4	0	0	507	2	0	0	9313-A	C
2093628	290	1411	0	1	2	702	0	0	0	706	9313-A	A
2125749	290	1154	3	528	0	1	0	613	0	9	9313-A	G
2141688	282	975	1	614	1	0	10	333	4	12	9313-A	C
2195999	290	1394	14	698	0	4	0	675	0	3	9313-A	G
2227864	290	1319	0	0	690	0	0	0	629	0	9313-A	G
6594	290	517	276	0	3	0	237	1	0	0	9313-L	G
37325	282	415	3	0	204	1	0	0	207	0	9313-L	T
135039	290	573	0	21	284	0	0	18	249	1	9313-L	T
155268	290	564	1	274	0	1	0	288	0	0	9313-L	C
203465	290	480	217	0	0	5	253	0	0	5	9313-L	G
279341	290	580	0	3	0	265	0	1	1	310	9313-L	T
354568	290	514	1	283	3	0	0	224	3	0	9313-L	C
356155	290	599	262	1	7	0	317	0	12	0	9313-L	C
356157	290	597	0	0	268	0	12	0	317	0	9313-L	A
366808	290	390	0	0	0	142	0	1	0	247	9313-L	T
396304	290	441	1	221	0	1	0	205	0	13	9313-L	G
396344	290	274	0	52	0	16	1	201	0	4	9313-L	G
423202	290	543	0	244	0	0	0	299	0	0	9313-L	C
430476	290	445	221	0	0	0	223	0	0	1	9313-L	G
432484	288	587	0	21	235	0	0	22	308	1	9313-L	T
432532	290	683	311	0	1	0	367	3	1	0	9313-L	C
439332	290	637	0	0	1	326	0	1	1	308	9313-L	C
459873	240	439	3	186	0	17	1	210	0	22	9313-L	G
479262	290	629	0	1	0	348	1	0	0	279	9313-L	A
479598	290	590	271	0	2	0	317	0	0	0	9313-L	C
488175	290	541	2	297	0	0	0	242	0	0	9313-L	C
668537	290	493	0	228	0	0	0	264	1	0	9313-L	C
668546	282	521	1	238	0	1	0	280	1	0	9313-L	C
717991	290	491	254	0	1	0	223	1	12	0	9313-L	C
731218	290	676	1	340	0	2	0	333	0	0	9313-L	G
801014	290	627	0	0	316	0	0	0	311	0	9313-L	T
883812	273	617	2	299	0	22	0	268	0	26	9313-L	G
883984	290	587	0	0	289	0	0	0	297	1	9313-L	T
893064	290	606	279	1	1	0	320	1	4	0	9313-L	C
927483	282	395	187	0	0	1	201	4	1	1	9313-L	T
946977	290	472	0	0	20	212	0	0	23	217	9313-L	C
957390	290	615	0	0	301	0	0	0	314	0	9313-L	A
966175	290	595	0	0	265	27	1	0	278	24	9313-L	C
967303	290	531	257	0	2	0	269	0	3	0	9313-L	C
982623	290	568	0	0	249	0	0	0	319	0	9313-L	A
986500	261	75	0	0	0	0	0	0	75	0	9313-L	A
986505	261	75	0	0	0	0	0	0	0	75	9313-L	A
986509	261	75	0	0	0	0	0	0	0	75	9313-L	C
1096316	290	591	341	0	0	2	246	1	0	1	9313-L	G
1153667	0	662	244	0	1	86	237	1	0	93	9313-L	A
1179148	290	425	0	180	0	2	0	243	0	0	9313-L	A
1212428	50	5	0	0	4	0	0	0	1	0	9313-L	G
1255950	290	495	0	1	273	0	0	1	216	4	9313-L	C
1323034	282	595	2	279	1	3	3	302	2	3	9313-L	C
1323035	290	595	1	279	1	3	0	308	2	1	9313-L	C
1331097	290	615	0	1	281	0	0	1	332	0	9313-L	T
1422139	282	603	0	302	1	1	1	296	1	1	9313-L	C
1496923	282	625	2	0	317	1	4	0	300	1	9313-L	T
1499629	290	599	0	0	2	281	0	1	1	314	9313-L	A
1624468	290	597	0	0	1	255	0	0	0	341	9313-L	C
1643190	290	548	286	1	0	0	255	2	4	0	9313-L	T
1668233	290	550	0	0	0	281	0	1	0	268	9313-L	A
1675730	290	573	247	21	1	0	282	18	2	2	9313-L	T
1717117	290	206	0	0	18	0	0	2	186	0	9313-L	T
1717119	290	204	0	0	18	0	2	0	181	3	9313-L	G
1717120	290	204	0	0	18	0	0	0	184	2	9313-L	G
1717122	282	228	29	0	0	0	186	1	10	2	9313-L	G
1717588	290	570	0	0	0	243	0	2	0	325	9313-L	A
1817537	290	323	0	0	0	179	0	0	0	144	9313-L	C
1823383	38	1	0	0	1	0	0	0	0	0	9313-L	T
1967007	290	588	0	1	0	299	0	0	0	288	9313-L	C
2015908	282	610	1	304	0	0	0	302	0	3	9313-L	C
2055712	290	339	104	1	0	0	230	2	2	0	9313-L	C
2093628	290	627	0	0	0	314	0	0	0	313	9313-L	A
2125749	290	502	0	224	0	0	0	272	1	5	9313-L	G
2141688	282	393	0	250	0	0	3	137	2	1	9313-L	C
2195999	290	554	4	275	0	1	1	272	0	1	9313-L	G
2227864	290	540	0	0	275	0	0	0	265	0	9313-L	G
6594	290	395	213	0	3	0	177	1	1	0	9313-parent	G
37325	290	367	0	0	201	0	0	0	165	1	9313-parent	T
135039	290	486	2	14	254	1	0	10	205	0	9313-parent	T
155268	290	500	0	225	0	0	0	275	0	0	9313-parent	C
203465	290	441	216	0	0	0	225	0	0	0	9313-parent	G
279341	290	502	0	0	0	238	0	0	0	264	9313-parent	T
354568	290	461	1	259	0	0	0	201	0	0	9313-parent	C
356155	290	524	259	0	3	0	255	2	5	0	9313-parent	C
356157	290	530	1	0	261	0	6	0	262	0	9313-parent	A
366808	290	335	0	0	0	129	0	0	0	206	9313-parent	T
396304	290	340	0	172	0	1	0	159	0	8	9313-parent	G
396344	290	180	0	34	0	8	1	137	0	0	9313-parent	G
423202	290	462	2	214	0	0	0	246	0	0	9313-parent	C
430476	290	394	187	0	2	0	205	0	0	0	9313-parent	G
432484	270	469	1	15	196	0	1	25	231	0	9313-parent	T
432532	290	524	230	0	0	0	294	0	0	0	9313-parent	C
439332	290	510	0	0	0	247	0	1	0	262	9313-parent	C
459873	290	421	2	183	0	13	0	211	0	12	9313-parent	G
479262	290	520	0	0	2	279	0	0	0	239	9313-parent	A
479598	290	459	215	0	3	0	240	1	0	0	9313-parent	C
488175	282	439	2	236	0	1	0	199	0	1	9313-parent	C
668537	290	462	0	226	0	0	0	235	1	0	9313-parent	C
668546	290	492	1	235	0	0	0	256	0	0	9313-parent	C
717991	290	401	204	0	1	0	185	2	9	0	9313-parent	C
731218	290	522	0	276	0	0	0	246	0	0	9313-parent	G
801014	290	456	0	0	218	0	0	0	238	0	9313-parent	T
883812	290	504	4	216	0	19	1	245	0	19	9313-parent	G
883984	282	461	0	0	240	1	1	0	218	1	9313-parent	T
893064	290	470	212	0	0	0	253	1	4	0	9313-parent	C
927483	290	367	182	0	0	0	180	3	2	0	9313-parent	T
946977	244	431	0	0	23	188	0	2	16	202	9313-parent	C
957390	290	522	0	0	264	0	0	0	257	1	9313-parent	A
966175	247	528	0	0	239	21	0	0	247	21	9313-parent	C
967303	290	472	238	1	7	0	225	1	0	0	9313-parent	C
982623	290	490	0	0	243	0	0	0	247	0	9313-parent	A
986500	183	49	0	0	0	0	0	0	49	0	9313-parent	A
986505	183	49	0	0	0	0	0	0	0	49	9313-parent	A
986509	183	49	0	0	0	0	0	0	0	49	9313-parent	C
1096316	282	519	310	1	1	0	204	0	2	1	9313-parent	G
1153667	0	562	187	0	0	92	180	2	0	101	9313-parent	A
1179148	290	388	1	157	0	1	0	229	0	0	9313-parent	A
1212428	50	5	0	0	4	0	0	0	1	0	9313-parent	G
1255950	290	414	0	0	221	0	0	0	192	1	9313-parent	C
1323034	282	490	1	229	1	1	2	255	0	1	9313-parent	C
1323035	290	491	0	232	0	0	1	258	0	0	9313-parent	C
1331097	290	458	0	0	227	1	0	0	230	0	9313-parent	T
1422139	290	515	0	268	0	1	1	245	0	0	9313-parent	C
1496923	290	516	5	0	254	0	4	0	252	1	9313-parent	T
1499629	282	482	0	0	1	228	0	1	0	252	9313-parent	A
1624468	290	482	0	0	0	210	0	0	0	272	9313-parent	C
1643190	290	469	257	0	0	0	205	0	7	0	9313-parent	T
1668233	290	471	0	0	0	236	0	1	0	234	9313-parent	A
1675730	290	475	211	14	1	1	235	11	0	2	9313-parent	T
1717117	290	143	0	0	12	0	0	0	131	0	9313-parent	T
1717119	290	142	0	0	12	0	0	0	130	0	9313-parent	G
1717120	290	142	0	0	12	0	1	0	129	0	9313-parent	G
1717122	290	168	27	0	1	0	130	0	10	0	9313-parent	G
1717588	290	488	0	0	0	212	0	2	0	274	9313-parent	A
1817537	290	258	0	0	0	131	0	0	1	126	9313-parent	C
1823383	0	0	0	0	0	0	0	0	0	0	9313-parent	T
1967007	290	425	0	0	0	221	0	0	0	204	9313-parent	C
2015908	282	487	2	234	0	0	0	249	0	2	9313-parent	C
2055712	290	277	79	1	0	0	197	0	0	0	9313-parent	C
2093628	290	536	0	0	0	263	0	0	0	273	9313-parent	A
2125749	290	396	1	186	0	1	0	207	0	1	9313-parent	G
2141688	290	314	1	201	0	0	3	105	4	0	9313-parent	C
2195999	290	540	3	284	0	0	0	252	0	1	9313-parent	G
2227864	290	446	0	0	237	0	0	0	209	0	9313-parent	G
6594	290	506	237	0	7	0	260	2	0	0	9313-AtoL	G
37325	290	387	2	0	190	0	0	0	195	0	9313-AtoL	T
135039	290	585	0	0	311	1	0	0	272	1	9313-AtoL	T
155268	290	604	1	286	0	0	0	317	0	0	9313-AtoL	C
203465	290	479	230	0	1	0	246	2	0	0	9313-AtoL	G
279341	290	588	0	0	1	263	0	0	0	324	9313-AtoL	T
354568	290	509	0	291	0	0	0	218	0	0	9313-AtoL	C
356155	290	594	287	0	1	0	297	2	7	0	9313-AtoL	C
356157	290	597	0	0	289	0	7	0	300	1	9313-AtoL	A
366808	290	364	0	0	0	126	0	0	0	238	9313-AtoL	T
396304	290	464	0	229	0	1	0	227	0	7	9313-AtoL	G
396344	290	268	0	51	0	15	1	200	0	1	9313-AtoL	G
423202	290	546	0	272	0	0	0	273	0	1	9313-AtoL	C
430476	290	438	206	0	0	0	232	0	0	0	9313-AtoL	G
432484	290	633	1	0	297	0	0	0	335	0	9313-AtoL	T
432532	290	702	303	1	0	0	398	0	0	0	9313-AtoL	C
439332	290	610	0	0	0	309	0	0	0	301	9313-AtoL	C
459873	290	455	2	200	0	4	0	247	0	2	9313-AtoL	G
479262	290	626	0	1	1	341	0	0	0	283	9313-AtoL	A
479598	290	626	291	1	3	0	328	3	0	0	9313-AtoL	C
488175	290	493	1	252	0	0	0	240	0	0	9313-AtoL	C
668537	290	524	0	257	0	0	0	267	0	0	9313-AtoL	C
668546	290	540	1	262	0	0	0	277	0	0	9313-AtoL	C
717991	282	492	247	1	0	1	233	2	8	0	9313-AtoL	C
731218	290	679	0	344	0	2	1	331	0	1	9313-AtoL	G
801014	290	544	0	0	265	0	0	0	279	0	9313-AtoL	T
883812	290	608	1	302	0	2	2	301	0	0	9313-AtoL	G
883984	290	569	0	1	276	0	0	0	291	1	9313-AtoL	T
893064	290	659	317	0	3	0	334	2	3	0	9313-AtoL	C
927483	290	415	200	1	0	1	209	4	0	0	9313-AtoL	T
946977	290	542	0	0	3	260	0	0	3	276	9313-AtoL	C
957390	290	671	0	0	359	0	0	0	310	2	9313-AtoL	A
966175	290	640	0	0	319	1	0	0	317	3	9313-AtoL	C
967303	290	543	272	0	3	0	266	0	2	0	9313-AtoL	C
982623	290	643	2	0	307	0	0	0	334	0	9313-AtoL	A
986500	249	71	0	0	0	0	0	0	71	0	9313-AtoL	A
986505	249	71	0	0	0	0	0	0	0	71	9313-AtoL	A
986509	258	74	0	0	0	0	0	0	0	74	9313-AtoL	C
1096316	290	664	402	0	0	0	262	0	0	0	9313-AtoL	G
1153667	81	660	59	0	2	277	46	1	0	275	9313-AtoL	A
1179148	290	458	0	192	0	1	1	264	0	0	9313-AtoL	A
1212428	44	3	0	0	2	0	0	0	1	0	9313-AtoL	G
1255950	122	506	0	0	38	225	0	0	42	201	9313-AtoL	C
1323034	290	581	0	270	0	6	0	303	0	2	9313-AtoL	C
1323035	282	581	4	271	0	1	1	301	0	3	9313-AtoL	C
1331097	282	510	1	0	245	1	0	0	262	1	9313-AtoL	T
1422139	290	642	0	317	0	0	1	324	0	0	9313-AtoL	C
1496923	282	659	1	0	336	0	5	0	316	1	9313-AtoL	T
1499629	290	547	0	0	0	249	0	0	1	297	9313-AtoL	A
1624468	290	627	0	0	1	286	0	0	0	340	9313-AtoL	C
1643190	290	584	307	2	0	0	270	0	5	0	9313-AtoL	T
1668233	290	558	1	1	0	276	0	1	0	279	9313-AtoL	A
1675730	290	562	260	3	2	2	293	2	0	0	9313-AtoL	T
1717117	290	196	0	0	14	0	0	0	181	1	9313-AtoL	T
1717119	290	192	0	0	13	0	0	0	178	1	9313-AtoL	G
1717120	290	192	0	0	13	0	0	0	179	0	9313-AtoL	G
1717122	282	221	29	0	0	0	181	1	10	0	9313-AtoL	G
1717588	290	577	0	0	1	254	0	0	0	322	9313-AtoL	A
1817537	290	357	0	1	0	186	0	0	0	170	9313-AtoL	C
1823383	0	0	0	0	0	0	0	0	0	0	9313-AtoL	T
1967007	290	577	0	1	1	295	0	2	0	278	9313-AtoL	C
2015908	290	590	0	295	0	0	0	294	0	1	9313-AtoL	C
2055712	290	341	100	3	0	0	238	0	0	0	9313-AtoL	C
2093628	282	643	0	1	0	313	0	0	1	328	9313-AtoL	A
2125749	290	529	1	239	0	1	0	286	0	2	9313-AtoL	G
2141688	290	378	0	256	1	0	1	118	1	1	9313-AtoL	C
2195999	290	627	4	317	0	2	0	302	0	2	9313-AtoL	G
2227864	290	511	0	0	265	0	0	0	246	0	9313-AtoL	G
6594	290	186	96	0	1	0	89	0	0	0	9313-AtoLtoA	G
37325	290	200	1	0	101	0	0	0	97	1	9313-AtoLtoA	T
135039	231	254	1	7	127	0	0	9	110	0	9313-AtoLtoA	T
155268	290	270	1	133	0	0	1	135	0	0	9313-AtoLtoA	C
203465	290	235	111	0	0	0	124	0	0	0	9313-AtoLtoA	G
279341	290	259	0	0	0	119	0	0	0	140	9313-AtoLtoA	T
354568	290	233	0	136	0	0	0	97	0	0	9313-AtoLtoA	C
356155	290	281	133	0	1	0	141	1	5	0	9313-AtoLtoA	C
356157	290	282	0	0	134	0	6	0	140	2	9313-AtoLtoA	A
366808	290	163	0	1	0	66	0	0	0	96	9313-AtoLtoA	T
396304	290	188	0	91	0	1	0	93	0	3	9313-AtoLtoA	G
396344	258	117	0	26	0	6	0	84	0	1	9313-AtoLtoA	G
423202	290	258	0	121	0	0	0	137	0	0	9313-AtoLtoA	C
430476	290	198	98	0	0	0	100	0	0	0	9313-AtoLtoA	G
432484	290	306	0	5	133	0	0	10	157	1	9313-AtoLtoA	T
432532	290	295	129	0	0	0	165	0	0	1	9313-AtoLtoA	C
439332	290	258	0	0	0	131	0	0	0	127	9313-AtoLtoA	C
459873	270	207	1	91	0	4	0	105	0	6	9313-AtoLtoA	G
479262	290	333	0	0	0	171	0	0	0	162	9313-AtoLtoA	A
479598	290	266	130	0	1	0	135	0	0	0	9313-AtoLtoA	C
488175	290	239	1	110	0	0	0	127	0	1	9313-AtoLtoA	C
668537	290	231	0	112	0	0	0	119	0	0	9313-AtoLtoA	C
668546	290	246	0	121	0	0	0	125	0	0	9313-AtoLtoA	C
717991	290	209	105	2	0	0	93	0	9	0	9313-AtoLtoA	C
731218	290	307	0	157	0	0	0	150	0	0	9313-AtoLtoA	G
801014	290	263	0	0	126	0	0	0	136	1	9313-AtoLtoA	T
883812	268	259	1	120	0	5	0	122	1	10	9313-AtoLtoA	G
883984	290	238	0	0	120	0	0	0	117	1	9313-AtoLtoA	T
893064	290	205	97	0	0	0	108	0	0	0	9313-AtoLtoA	C
927483	290	159	79	0	0	0	79	1	0	0	9313-AtoLtoA	T
946977	150	202	0	0	6	94	0	0	9	93	9313-AtoLtoA	C
957390	290	276	0	0	135	0	0	0	141	0	9313-AtoLtoA	A
966175	269	229	0	0	111	8	0	0	106	4	9313-AtoLtoA	C
967303	290	215	96	0	0	0	118	0	1	0	9313-AtoLtoA	C
982623	290	274	0	0	127	0	1	0	146	0	9313-AtoLtoA	A
986500	77	14	0	0	0	0	0	0	14	0	9313-AtoLtoA	A
986505	80	15	0	0	0	0	0	0	0	15	9313-AtoLtoA	A
986509	80	15	0	0	0	0	0	0	0	15	9313-AtoLtoA	C
1096316	290	315	181	0	0	0	133	0	1	0	9313-AtoLtoA	G
1153667	0	245	57	0	0	63	54	0	0	71	9313-AtoLtoA	A
1179148	290	214	1	101	0	1	0	111	0	0	9313-AtoLtoA	A
1212428	38	1	0	0	1	0	0	0	0	0	9313-AtoLtoA	G
1255950	0	200	0	1	51	52	0	0	49	47	9313-AtoLtoA	C
1323034	290	220	0	93	0	2	0	124	0	1	9313-AtoLtoA	C
1323035	290	220	0	95	0	0	0	125	0	0	9313-AtoLtoA	C
1331097	290	219	0	0	106	0	0	0	113	0	9313-AtoLtoA	T
1422139	290	260	0	131	0	0	0	129	0	0	9313-AtoLtoA	C
1496923	290	304	1	0	152	0	3	0	147	1	9313-AtoLtoA	T
1499629	290	254	0	0	1	110	0	0	1	142	9313-AtoLtoA	A
1624468	290	245	0	0	1	99	0	0	0	145	9313-AtoLtoA	C
1643190	290	221	118	0	0	0	101	1	1	0	9313-AtoLtoA	T
1668233	290	244	0	0	0	121	0	1	0	122	9313-AtoLtoA	A
1675730	194	257	112	10	1	0	119	13	1	1	9313-AtoLtoA	T
1717117	267	78	0	0	7	0	0	0	71	0	9313-AtoLtoA	T
1717119	264	77	0	0	8	0	0	0	69	0	9313-AtoLtoA	G
1717120	245	77	0	0	8	0	0	0	68	1	9313-AtoLtoA	G
1717122	262	87	13	0	0	0	66	2	6	0	9313-AtoLtoA	G
1717588	290	278	0	0	0	126	0	0	0	152	9313-AtoLtoA	A
1817537	290	128	0	0	0	69	0	0	0	59	9313-AtoLtoA	C
1823383	0	0	0	0	0	0	0	0	0	0	9313-AtoLtoA	T
1967007	290	254	0	0	0	123	0	1	0	130	9313-AtoLtoA	C
2015908	290	236	1	112	0	0	0	123	0	0	9313-AtoLtoA	C
2055712	290	134	42	0	0	0	91	1	0	0	9313-AtoLtoA	C
2093628	290	215	0	0	0	107	0	0	0	108	9313-AtoLtoA	A
2125749	290	217	0	110	0	0	0	106	0	1	9313-AtoLtoA	G
2141688	290	152	0	96	1	0	2	53	0	0	9313-AtoLtoA	C
2195999	290	256	4	129	0	0	0	123	0	0	9313-AtoLtoA	G
2227864	290	232	0	0	126	0	0	0	106	0	9313-AtoLtoA	G
